Folder,Script,Description
,additional\_functions.R,
,evaluation.py,
,nldr\_code.R,
two\_nonlinear,01\_gen\_data.R,
two\_nonlinear,02\_gen\_true\_model.R,
two\_nonlinear,03\_gen\_embeddings.R,
two\_nonlinear,04\_gen\_mse\_for\_diff\_methods.R,
two\_nonlinear,05\_gen\_rm\_lwd\_mse.R,
two\_nonlinear,06\_gen\_model\_with\_tSNE.R,
two\_nonlinear,07\_example\_evaluation\_metrics.R,
two\_nonlinear,08\_gen\_model\_with\_PHATE.R,
five\_gau\_clusters,01\_five\_gaussian\_cluster\_data\_emb.R,
five\_gau\_clusters,02\_gen\_model\_with\_tSNE.R,
five\_gau\_clusters,03\_gen\_model\_with\_UMAP.R,
five\_gau\_clusters,04\_gen\_model\_with\_PaCMAP.R,
one\_c\_shaped\_dens\_structure,01\_gen\_data.R,
one\_c\_shaped\_dens\_structure,02\_gen\_embeddings\_uni\_dens.R,
one\_c\_shaped\_dens\_structure,03\_gen\_model\_with\_tSNE.R,
pbmc3k,01\_obtain\_pca\_author.R,
pbmc3k,02\_obtain\_umap\_authors.R,
pbmc3k,03\_gen\_umap\_diff\_param.R,
pbmc3k,04\_gen\_tsne\_diff\_param.R,
pbmc3k,05\_gen\_phate.R,
pbmc3k,06\_gen\_trimap.R,
pbmc3k,07\_gen\_pacmap.R,
pbmc3k,08\_gen\_mse\_for\_diff\_methods.R,
pbmc3k,09\_gen\_scDEED.R,
pbmc3k,10\_pre\_process\_for\_embedding.R,
pbmc3k,11\_gen\_mse\_for\_diff\_tsne\_scDEED.R,
pbmc3k,12\_gen\_mse\_for\_diff\_umap\_scDEED.R,
pbmc3k,13\_gen\_model\_with\_UMAP.R,
pbmc3k,14\_gen\_model\_with\_tSNE.R,
pbmc3k,15\_gen\_model\_with\_UMAP\_scDEED.R,
pbmc3k,16\_gen\_model\_with\_tSNE\_scDEED.R,
pbmc3k,17\_evaluation\_metrics.R,
pbmc3k,18\_evaluation\_metrics\_scDEED.R,
mnist,01\_data\_preprocessing.R,
mnist,02\_gen\_diff\_embeddings.R,
mnist,03\_gen\_mse\_for\_diff\_methods.R,
mnist,04\_gen\_model\_with\_tSNE.R,
mnist,05\_evaluation\_metrics.R,
mnist,06\_link\_brush\_layout\_e.R,