PHATE1,PHATE2,PHATE3,PHATE4,PHATE5,ID
-0.003265485190955948,0.03239462983969709,0.00458155368150083,-0.011937048928863044,-0.005384657516014654,1
-0.0284862644544618,-0.01728491384256672,0.005427376165417541,0.010859169394450486,-0.00938342419593943,2
-0.0045096099276825665,0.03060585084566746,0.0027646138516603013,-0.012445103335544593,-0.007496296415703375,3
-0.015520885708144729,-0.019879274808796765,0.019977646556638428,-0.01468555145357488,-1.448319512392972e-4,4
0.02389978951315851,0.014245993087100995,0.013018604819806085,0.008570283397405728,-0.012826915056063698,5
0.028204365620329783,-6.124331414634934e-4,0.0032733058552528627,0.007475751376023994,-0.015565307087918187,6
-0.02443445875016599,0.014029768711676872,-0.021084452879062063,0.003993404083713495,0.006156896421200457,7
-0.015757046092670025,-0.020088441586428533,0.02015976970253232,-0.014347599967261053,-2.168993529194509e-4,8
0.013977172584965631,-0.01634910628177548,-0.013850648946579587,-0.015971316116826263,-0.010788628590574088,9
-0.02548541681406751,0.0049995648001997664,-0.019914971184117836,0.01190321221650486,0.007067794464473104,10
-0.02297808733344507,-0.022158830773706534,0.016393514314130404,0.0016055644928140897,0.007563490048583707,11
0.01587034906950305,-0.018199734551845086,-0.016842124912976094,-0.016747533863421454,0.0036710864038129003,12
0.017431255887230924,-0.018560063206844144,-0.017116835368548675,-0.015425769777983699,0.003305659492986822,13
0.03222711668879867,-0.0037827544388601138,0.0019430001782316318,0.013739822088315447,0.002418488634575651,14
-0.012382028759315548,0.022614589445958934,-0.005900594295568251,-0.011194241243486683,-0.013048718462374436,15
0.02745706209567169,0.005084827315741142,0.008600361118241239,0.011161673997467998,-0.012517640603735879,16
0.011360531883405602,0.026052236660788958,0.016258710569454098,7.666007509416306e-6,0.00868360300436176,17
-0.02053912896277364,-0.02204977594151458,0.018963897903745752,-0.005023135132961602,-0.0074988196048547465,18
-0.01674498758433104,-0.02062415936242857,0.019825447734368434,-0.010588986938458805,0.00899062686190825,19
0.026227617810745694,0.00895845224751978,0.011458648946652408,0.011672572298448047,-0.011177269262225946,20
-0.02021570214915667,0.01832647992758792,-0.013942518319888568,-0.005023914038454905,-0.011704118501911678,21
0.014652173021723442,-0.018082739179284896,-0.01696146033671941,-0.01875286452640964,3.307591653843419e-4,22
-0.025275402368477546,0.011382962394428436,-0.021918999804848228,0.006158646146701158,0.004256946303415635,23
-0.015351550051440293,-0.01966859172754754,0.01947439372166923,-0.013187778363890002,0.008910791898233954,24
0.0317335336705179,-0.0019885502314279315,0.0037638296637256302,0.014641906353087826,0.0018545852602620835,25
-0.028266403213767347,-0.017943955470061074,0.006943105642558297,0.009085605675477953,-0.010843873263081833,26
0.022763584430255848,-0.019819944843685808,-0.01828576548780929,-0.011635691404281544,-1.2301617540532521e-5,27
-0.010753611161791254,0.025440825456692365,-0.004046469581695252,-0.011882477908903144,-0.011402750646378782,28
-0.029048713325241424,-0.00898218343429008,-0.004615295937729298,0.012002198812377497,-0.011862305538138457,29
-0.018763232869316575,0.024773609460179803,-0.012945923666742746,-0.00848894090620141,-0.005124878141490152,30
0.028505565306359858,0.0036444353416286773,0.00829573028237869,0.013577831027817766,-0.009326206490609385,31
-0.019336651363784707,0.022150044970759376,-0.015360190629434221,-0.004995767694667447,0.008825075236581941,32
0.02565082087478995,0.005363084584600182,0.007848263602733047,0.007683211140225259,-0.0162790606960524,33
0.022160084193915915,0.016305471602251268,0.012580303454144032,0.006086635175633215,-0.014526018807812211,34
-0.018177079488631804,-0.020842249447144797,0.018333274355406347,-0.006066755261345329,0.010464351370192365,35
0.015641630020854527,-0.018366510225420712,-0.017215591011007055,-0.018030658637471587,-7.090630449429736e-4,36
-0.0240130340492985,-0.021593237933371215,0.014275158608526671,0.005261655071165636,0.005218931287837293,37
0.0156978178873201,-0.018046555780546977,-0.016547429814583327,-0.01721570698609674,-0.005328865199969657,38
-0.02230567638180821,-0.023773715706253935,0.020586731748083172,-0.002018531948026816,0.0015501762962837956,39
0.014011237235583755,0.024413797044734415,0.01858836777975726,0.0026811399748541765,-5.678949469268932e-4,40
-0.004831780189233241,0.027669934555522184,0.002121026410613165,-0.011197445874098726,-0.012464574104658257,41
-0.012088269791524152,0.025538363024621282,-0.006660992896614313,-0.009871155272803734,0.012716352803135794,42
-0.007535759991644233,0.026462827546002175,-0.0013617944834349303,-0.011025257504627803,0.013397158015952631,43
-0.015844407312049356,-0.01998896727810933,0.019525309847694614,-0.012093924939336937,0.009149562835465076,44
-0.02111130772549118,0.022899315345782423,-0.016874910984264052,-0.004201975454686844,0.005307067863018355,45
-0.026694973532004288,0.011432271601160787,-0.019177945618207896,0.00548433376900303,-0.007483741863652821,46
0.01859025288994784,-0.017344254317415448,-0.014936070931713119,-0.01269917570958755,-0.010474931057893514,47
0.024617104461835133,-0.015441323374390158,-0.010891530809553658,4.701396131734357e-4,0.013740707765089177,48
-0.026779030446801994,0.010964497495235051,-0.018180795107641323,0.005282143043480565,-0.00902205935886691,49
0.030971933892360734,-0.01692723823836117,-0.013384720708358359,6.775288578483713e-4,-0.0020019232253819324,50
0.02490976363878867,0.009696009587423513,0.010768273006429343,0.011631265378349147,0.013031243908046537,51
-0.020446273798323873,0.017022918911801858,-0.014567042169408248,-0.004602916783447058,-0.012030775354994595,52
-0.027552562186717092,0.001051361705128001,-0.017943793887640745,0.015259340993559977,4.5659536353492706e-4,53
-0.026040987498965166,0.0035458637799277875,-0.019483701863645352,0.013297979044287082,0.005402986388892214,54
0.0239674408261235,-0.019772356511060993,-0.018002945265928615,-0.009982216085782371,0.0018595022550051217,55
-0.023363875989217124,-0.004701839342794447,-0.012655318449739852,0.01592540725567841,0.009598564250002495,56
-0.023408896625403,0.015372278771092422,-0.020375982490569426,0.0021134805718718,0.008277039733258986,57
-0.016767182541395566,-0.02107861332962301,0.02122495257011246,-0.01313997980815864,0.0018804198474367398,58
-0.025627387098469828,-0.020487037868707685,0.01228751168174787,0.004276673296252846,-0.010851556466306917,59
-0.009896555364057582,0.02827526513996578,-0.003551722905507388,-0.012249311413748238,0.009455396316697487,60
-0.02217794034809087,-0.00757002635130728,-0.008208615920093938,0.01295651078206608,0.013681162850859354,61
-0.030127231350277776,-0.0069956237009517665,-0.009335422733255367,0.01675311566058877,-0.005851458533575868,62
8.931940965187527e-4,0.0288576381047647,0.00859254575586536,-0.009447670860531334,0.010164730634073128,63
0.01451422194594011,-0.017723131421474535,-0.01634666919488808,-0.01753989867938016,0.005506718975557925,64
-0.007454097894497323,0.028466318952165563,-0.0010286870800259365,-0.011238396822361142,0.011100926802296728,65
0.019778882717491376,0.014703215371536339,0.013488948203148922,0.008547340411629457,0.01442250875490492,66
-0.018419235055420487,-0.02094427402834913,0.018615973053170094,-0.00784987698940652,-0.00775144293812212,67
-0.013459749307657877,-0.01747771967872833,0.016601408594498164,-0.013629828290108352,0.011811892344615287,68
0.024215372153974637,-0.01960761149122326,-0.017637388291153168,-0.009029170937860546,0.003801442781555448,69
0.022598480808133217,-0.017244025066928872,-0.014603573239705497,-0.009089678695994705,-0.011296190438914675,70
0.030042088999093625,-0.017477276815214063,-0.014117706167000626,-5.086210778486887e-4,-0.0030470779949950963,71
0.022120128256298065,-0.017797236439163647,-0.014735400719077201,-0.0064610902545543985,0.010402460870885264,72
0.015700518445100405,-0.01800287297724015,-0.01646670308788048,-0.01710803745747023,-0.0055539435930725455,73
-0.010269923568044396,0.026850957997837467,-0.004251861705085133,-0.012013844555621631,0.010967300681359225,74
-0.028676830343865135,-0.004190436872293035,-0.0133416006580276,0.01751801472570394,-0.001958643642921083,75
-0.017633246691004432,-0.02080474707037931,0.018988947688255584,-0.007854720154085943,0.010315089511274942,76
0.02634948559183728,0.006910880394206157,0.010134160307360612,0.011555961251150304,-0.012178210480158493,77
-0.027218160045581953,-0.019835018832237882,0.009846486238877183,0.008389717235729224,-0.008751096525400655,78
0.022758247614330377,-0.006125755359779683,5.756747306193531e-4,0.009393572009331332,0.017516139226753838,79
-0.0217779874580534,-0.0068840240912274794,-0.008882360370145215,0.012627183917498433,0.01435297945016217,80
-0.025583872509823143,0.014851616758315044,-0.01748537719341698,0.001839212069276827,-0.01006372225988108,81
0.004818256962707365,0.03014229039560296,0.012677735960473922,-0.00839862414652023,-0.005237970199076143,82
0.01698589515555428,0.020646381369076993,0.01823192477710921,0.0067422408678388685,0.005353949317829057,83
-0.022185534432740177,-0.003552945954227922,-0.012945855946805892,0.013578045502924735,0.012856512303876307,84
-0.02496869524013934,-0.02090078940790349,0.013255148769780439,0.003540887790789922,-0.010577073197352802,85
-0.022762539839812006,-0.02182731393553175,0.016642996312851155,-0.0010670009225675506,-0.009226455680622423,86
0.03124412679312776,9.238033573532903e-5,0.005723782486420308,0.015494895958540984,9.142682883462271e-4,87
-0.02821086799705856,-0.01916910948068473,0.007854838015090414,0.010946594711459593,-0.00611741590065427,88
0.016947115067000678,0.019535981501313218,0.019080140370651966,0.006110924189313221,-0.004217116292630974,89
-3.038048481572677e-4,0.02555270679443008,0.006007506492695786,-0.010542318585316042,-0.014016934718831486,90
-0.011053302296552919,0.028368192961417682,-0.004968736845117082,-0.014827538020663743,-0.0023917488272739316,91
0.019518113280412988,-0.017238721082210272,-0.01410635010700119,-0.007851381178501171,0.0121878638141758,92
0.02891011483262556,-0.017247908219993217,-0.013544469092260387,1.7876231093245305e-4,0.00695933813270845,93
0.025377125292376027,-0.006913367112443473,-4.854317080528625e-4,0.010220919806248258,0.014868087295202387,94
0.013631185279190928,-0.017013827568358803,-0.015162471551622063,-0.01794747760238463,-0.007640362257861147,95
-0.020714442847991888,-0.021702889576257996,0.01804088767686835,-0.00422540598219276,-0.008688410951430577,96
0.020920451686789403,-0.002015381486842847,0.004895667227721961,0.011365777470283498,0.017443652054470706,97
-0.026660975024830398,0.011270798383595114,-0.017826085576214647,0.004765155294645877,-0.0094915316096094,98
0.02813361245246986,0.005120539985068119,0.009314861458160944,0.01358652944904156,-0.009156479689672837,99
0.025429050102900447,-0.019714858745888995,-0.01780484849576018,-0.008691456163393804,-9.828092485249533e-4,100
0.018970267712798694,0.018411212684805157,0.018108375952996008,0.007363749790463567,-0.005957250722206612,101
-0.024007259971254524,0.016654820618526637,-0.01677656069765443,-3.3326477608678636e-4,-0.010617266120206494,102
-0.026897406029405317,0.008741888425538672,-0.017498504901975014,0.006117252209914823,-0.009826436463445259,103
0.001558373129967684,0.0288255140153332,0.008493352878788574,-0.008207684327404256,0.011397616251656603,104
0.011418414530819548,0.0244603919870272,0.014532256158761863,-0.0031878116215775577,-0.011334375536621255,105
0.020983940384983284,0.016488996727151973,0.01725915585413191,0.00940554644907443,-0.006088795376194591,106
-0.014296779695927726,-0.018460028188012744,0.017897751541467874,-0.013421401247967953,0.01048580493661155,107
0.0322171397922065,-0.009539551094123036,-0.004643667220680842,0.0073437117017524905,-0.007947204209951637,108
-0.022359980314569414,-0.007917190684688718,-0.007870599545464435,0.013136761703131836,0.013350984763073562,109
0.024759671750304853,-0.013337413146455023,-0.009483514594986812,-0.0034996845507169996,-0.015271488339132461,110
-0.018793507639469787,-0.022506700917818142,0.021949670522177892,-0.009779374047228449,-7.854902823483439e-4,111
0.018768257543905292,0.019229224137318212,0.014132362383939324,0.0043650616087320526,-0.013501754095457036,112
0.015717428336823172,-0.01765121522728392,-0.015873742655721872,-0.015215310528810939,0.007943870946237993,113
0.029843972389310205,0.005757433955148119,0.009954944930112834,0.01576605054593024,0.001236779411919947,114
0.01086387371882711,0.02184028045324607,0.012201759713532899,-0.0018413927558558769,-0.016339502962819868,115
-0.01670005697266215,-0.019906448516411497,0.018214023411092593,-0.010600134297518845,-0.007428506088387823,116
0.03146617303238997,-9.489850143300742e-4,0.004231780898719701,0.013015164447088685,-0.007828123964204622,117
-0.025318144906739493,-0.006564985772991295,-0.011293025615576364,0.01820582787821033,0.0039022638818693514,118
-5.626717836044028e-4,0.029398431844396392,0.006295488109450116,-0.010649578818754885,-0.00990400294898753,119
0.032704447045889845,-0.0071132290085224835,-0.0017471423084204967,0.011427892901191757,0.005160063582170476,120
0.002921959937138694,0.03146010474018184,0.011771622886327798,-0.00979762616538763,5.151019201758811e-4,121
-0.028301860189425845,-0.017420829739489427,0.005075959869792143,0.012163233285466897,-0.007576861221016816,122
0.0011193303955092328,0.02567958048457297,0.007306672159216277,-0.010040356510789382,-0.013582429692903346,123
0.03457732596873633,-0.010901638339499376,-0.006233734190056298,0.008222829646697374,-0.0013442769149869236,124
-0.021372885676794587,-0.021776293151561463,0.017617474394733285,-0.003096264621941923,-0.008913925636159366,125
0.028010532614082997,0.005993421129148465,0.008774251575132796,0.013613784781918744,0.010011447505857436,126
-0.02248638871387774,-0.0037035702913265993,-0.013008466568502273,0.014199635657601635,0.012026953724763754,127
-0.02981986335448208,-0.009196593156917135,-0.006578113532317683,0.016357597482938843,-0.0070587970350980776,128
0.02750187784968602,0.005840466615327702,0.008629007744913432,0.013267158233829096,0.010976274921347806,129
0.00314283940884469,0.03173858518632771,0.01102138403638139,-0.008952528317398359,-0.0044434618929933434,130
0.03087567193266927,0.001672441041369269,0.005819748189578969,0.01417388938416347,0.006967638510620061,131
-0.013305731632108289,0.02898312625599323,-0.007167724223866072,-0.011581298862585621,-0.00416930240568437,132
0.02923399135644324,0.0026363424312290332,0.0073689868957860435,0.013395991142226827,-0.009162331799939414,133
0.021935273413127617,-0.019016115889835535,-0.01695209592242787,-0.010181827400640203,0.006552460640501202,134
-0.017042042970647264,-0.020829589818191722,0.02014072954908701,-0.011697128258027956,-0.0035190860204397083,135
0.028237810654536788,0.008584942816965997,0.012167258139342932,0.014999460790051464,-0.0029685973480098058,136
0.030274981248129315,-0.010644120098650255,-0.0057003261768461605,0.005626094516886338,-0.009870992708449369,137
-0.018616684424580313,0.020488934340923186,-0.012639589269833525,-0.007614310133603146,-0.010680314631392353,138
-0.016194597874954166,-0.02056543517320284,0.02060373656315145,-0.013035793180604278,0.007127143062445331,139
-0.029407577945442475,-0.004924895483163475,-0.008720038644581709,0.012081351278156937,-0.011454152645022767,140
0.030622658486143713,-0.010179431222531515,-0.005229500576955521,0.006067801974203516,-0.009726478230160688,141
0.026123166172564605,-0.011307923869438144,-0.007203854639053447,-0.0012020503515043311,-0.016256570040129027,142
-0.03025511368443787,-0.01050034090553089,-0.00542933344733622,0.016801625865979365,-0.005851021781012257,143
-0.020981620008882203,-0.02268845752983274,0.019463205790353755,-0.0030865644585052077,0.007083079633121599,144
0.015914332361477195,-0.01695039876157938,-0.014615332861422959,-0.014906458655027825,-0.01029710232404925,145
-0.027718531617634337,9.302336817638343e-5,-0.017242713478239503,0.015762575727388598,6.15185392510876e-4,146
0.024752120301913805,-0.014501212978256482,-0.010793328114361659,-0.003913889442372067,-0.013882694043680954,147
-0.013358347956750893,0.02828309735367989,-0.007761373453859944,-0.013676696563841568,-4.02124862481658e-4,148
-0.029139046382655253,-0.007617416585137234,-0.006095494856464389,0.012124209284305675,-0.011746046515573254,149
-0.016545528237210574,-0.020523028373736606,0.020035733153992683,-0.012492188229361219,-0.0032250237087840614,150
-0.029000733348407422,-0.01821153099266597,0.0060720912305875195,0.012001587803135302,-0.005857858438739935,151
-0.023621724544436323,-0.007877846981922863,-0.009405785432822871,0.0173232344598461,0.007338368442444782,152
0.016407372105513386,-0.018285378727289865,-0.016853916636415046,-0.016081376078171252,0.004307849098285162,153
0.03169068010774768,-0.01619508728652939,-0.012428988918059398,0.0019597842088094047,-0.001950954334084625,154
-0.009129814806861227,0.025524508169326325,-0.0024357827740976883,-0.01125655272286573,-0.012996599550598516,155
0.02751610896688036,-0.019343171971436098,-0.01698656252336651,-0.005644546927950912,0.002034784458981495,156
-0.027666823604374113,-0.006646749595100882,-0.01116415465892417,0.018635286545763147,-8.012454863555788e-4,157
0.0025379505573662397,0.027942012675342534,0.011664778327029562,-0.010642533602730524,0.006997628113166737,158
0.02674886657824279,0.006620551863122056,0.010240031375979617,0.01251836545389813,-0.01096762453071253,159
0.03200436510926036,-0.00836224929506164,-0.0033354347963463903,0.008309428970415584,-0.00850154548595533,160
-0.022616097887885794,-0.0016247080171717572,-0.0143064862332908,0.012343410790506146,0.013224640814046932,161
0.02282713915894175,-0.015590928921778697,-0.012354875347969578,-0.00720262953593369,-0.014024907670205419,162
-0.022506550559086284,0.017180990191335708,-0.019609433258217877,-1.0703237584762051e-4,0.008223506685317704,163
-0.01704682521338093,-0.020820111575785484,0.019898263298408415,-0.01011537590439235,0.008909356563302825,164
-0.02796990116363533,0.007853340297231675,-0.017596770403502077,0.008140618844563541,-0.00896185051045689,165
-0.014965664487038389,-0.01912057973310102,0.01859259738074308,-0.012829687632833377,0.00991834900468115,166
-0.01360683244003474,0.02124164418947984,-0.0073029321549661925,-0.0105691241306843,-0.013495694688266294,167
0.027638902679264925,-0.01774067677449383,-0.014945824915274984,-0.004721855641951769,-0.007783943096234966,168
0.02485894938662418,-0.01951924631756953,-0.0176498465075013,-0.009398724720754197,-0.0034978975313132094,169
-0.01952397872543702,0.01687070600813805,-0.014093090916858734,-0.005705205230018192,-0.012453682860556196,170
-0.0033907152648344693,0.02910263624596952,0.003752529347834391,-0.012067518560193398,-0.009772854939747624,171
0.01542177607551895,-0.017058680942905573,-0.014911834661846923,-0.015799736001163876,-0.009496781174858037,172
0.024790670857903388,-0.018401477772719516,-0.015511400362977597,-0.005398280819275641,0.008412114372599306,173
0.019444475157753542,0.016246535591291626,0.014024365957932067,0.008309686017616743,0.01357418675303778,174
0.024306921928437593,-0.017615208034020658,-0.014255984761055907,-0.004033651029915109,0.010468719684268189,175
-0.0012051005735581324,0.03046976463989221,0.006491629046485129,-0.0104444806499596,0.008516297497000011,176
-0.028435315311435085,-0.0032688142108930527,-0.014036453680421286,0.01705925812889359,-0.0032486922750902527,177
0.02783729672116947,-0.008309981290679462,-0.002146826469342743,0.010272506409711559,0.011651411820524406,178
0.013929434678325732,-0.017265281982760283,-0.015544839008651817,-0.018034532476034523,-0.006792507546472046,179
-0.023125634092888005,0.021007176880252325,-0.01762998102763829,-0.00291686383655876,-0.0038624001951225806,180
0.034352351379187226,-0.009847499134391665,-0.004847200060987589,0.00955439097964614,2.67440062655839e-4,181
-0.02012323071815502,0.01662619215794458,-0.014563527201156692,-0.005054273282152396,-0.01218984929913583,182
-0.02657402484354363,0.006164766634939815,-0.016204972419805837,0.006192468660636789,-0.011552466340093723,183
-0.021902536391964898,0.019408967207970092,-0.018648679469656843,-0.0018279803238233157,0.007491324892738611,184
-0.012539417517776374,0.028222350810310527,-0.006734647001282485,-0.01411348883768149,-0.0014674680232250451,185
0.0135229392414493,0.023665281118392317,0.017355189353659022,0.002776772619684565,0.008316365154237898,186
0.013571608625400019,0.024689934356045294,0.018336230173081045,0.0023987399907124387,0.003868149905998229,187
-0.02902760599521999,0.001486458668339285,-0.016816487082891657,0.014126779178769547,-0.004865965939244659,188
-0.015339017806120504,-0.019746528031940484,0.019917689554297537,-0.015025392561735568,2.480982612931092e-4,189
-0.0037651635669978937,0.028361913391572815,0.0033083306554591986,-0.012105924748944353,-0.010685547898349001,190
0.019083488140011297,-0.019088455671416364,-0.01771733865415136,-0.015040226707427449,-0.003860322962462663,191
0.017836766695217783,-0.018881045848143395,-0.017634734543705517,-0.016336272453418337,-0.003244343541827337,192
-0.017254305166747325,-0.02019868532997751,0.018201243264801357,-0.00950585560141863,-0.007899086533839837,193
-0.0272286040459812,-0.02006885595618243,0.010090476178954096,0.008411428461149756,-0.008386023233798353,194
-0.017038853624538417,-0.020108625833863324,0.018260449741130176,-0.009960667776128838,-0.007629749873786647,195
0.0065601669444309675,0.030663605881262698,0.014149268469457509,-0.006815621633505525,-0.0029415973172416668,196
0.03050655038575753,0.0034564638226906564,0.008466203522168432,0.015765221575266233,-0.0023085578486973816,197
0.023273303597161794,-0.007589313088513676,-0.0011936131612915897,0.00793167750755046,0.017770126870758865,198
0.02058601510202634,0.0171036535200089,0.016699521805194757,0.008278917157668538,-0.008695977800655142,199
0.025570415410257705,-0.01626619487754812,-0.01205912620522853,-9.95543047921112e-5,0.012147659231396392,200
-0.029634671622191255,0.0031525356158852384,-0.01603558814648788,0.011645442801790412,-0.008468089998311994,201
-0.017887095896502597,-0.0207312318577849,0.018421158041982112,-0.006583001125073681,0.010613128521459549,202
-0.022844825687315825,0.008316713443892586,-0.020216659502182755,0.006543292865880014,0.011405106007161393,203
0.021640645701305763,4.390576855045812e-4,0.006633050671854565,0.01211486082802868,0.016155780192546033,204
-0.0029759075875593717,0.030868642602557735,0.004638290606318242,-0.010907433999178125,0.00834169591358638,205
-0.022867594929180717,-0.023403498507994225,0.019347551132229787,-1.8499254424962595e-4,-0.001026374844166075,206
0.02165279118260724,-0.017397754950753134,-0.014832551808700158,-0.010007308517185152,-0.011253394061178536,207
-0.016377510844405554,-0.02040836322490625,0.019822520634477307,-0.011384185065354786,0.008845683930139597,208
0.02605822353788147,-0.015344125574573587,-0.011867728580724914,-0.0036680868104389656,-0.012110907743458767,209
-0.024412053725732047,0.0062349504061872275,-0.019643520798547826,0.009520691211042551,0.010315118670734829,210
0.005348093175794354,0.028883438889736893,0.013224179193974306,-0.008407969129916563,-0.006557166232370646,211
0.02959328666945418,0.005907826569898096,0.010156164417473159,0.015195501869746242,-0.0041690240120856115,212
0.014471211175284538,-0.01658566885842067,-0.014197912986788285,-0.015870653657195203,-0.010410330721413646,213
0.029042996380958096,0.002957279553832692,0.006766458895872093,0.013795803628770097,0.00969439265904096,214
-0.023981014807581205,-0.021554662415431195,0.014235430776319148,0.005034821371426979,0.005989315229361682,215
0.0017596511726145712,0.02522304192079479,0.007743674378342345,-0.009723365246468097,-0.014090568719018644,216
-0.01064904126912374,0.030672170928866403,-0.004044084498693768,-0.011398168317424594,0.007149431835437098,217
-0.02194788948204494,0.02116557085172028,-0.01817039892558934,-0.0030685701102390567,0.005377556899987727,218
0.027972392232589474,-0.016120304092447302,-0.01260372296500418,-0.0020286956462651235,-0.009745178090069749,219
0.01873072703808793,0.0187554578146873,0.017857203902214954,0.008669818235326587,0.005015561562836654,220
0.025055856919299933,0.010594440594666708,0.010540895175320659,0.007955266994144646,-0.014928971314691269,221
-0.022729244557976837,0.008361071397120825,-0.02022199959029282,0.006384194235318863,0.011519144851574353,222
0.010568723532925227,0.025481557079427727,0.01440446880152802,-0.003935765762813122,-0.01059197431819039,223
-0.0034338076504219716,0.03084424436568869,0.004381246137906192,-0.011376266973451982,0.007969897831360798,224
-0.013142732297804095,-0.01710562029083514,0.016109584980214118,-0.01371519690827495,0.012326176127331456,225
0.01118728626172355,0.02642978428639252,0.014284724602918835,1.7007350630831631e-4,0.011804378104093804,226
0.008419674235735256,0.023511530627026773,0.010612548880260309,-0.0035298718511656687,-0.016726197037355114,227
-0.026366337778142346,0.010701051996812158,-0.020436354149939294,0.00678274070787894,-0.0038920270008702385,228
0.019603262167787,0.016602329000343554,0.018301229190064272,0.009322415069718268,-0.0038964975367460825,229
-0.028188315284346437,-0.0016417524884598828,-0.015772971338469687,0.01656831869076993,-6.119105038752177e-4,230
-0.01500939596141648,0.019892465790825736,-0.009047621499425871,-0.009986973313772544,-0.01350039719438597,231
0.030971326167146162,-0.014708044197654474,-0.010612941408989223,0.0024870522179167623,-0.006399470890094564,232
-0.015198971548671872,-0.019486099287043947,0.019218666621304416,-0.013156443635879225,0.00927037033207703,233
-4.6871084712634927e-4,0.03231431754662237,0.008418411964001818,-0.01210933462004859,-8.764061846078635e-4,234
0.021184414706507084,0.017106190717425633,0.014307022136045693,0.006920474244291338,-0.012609220959388226,235
0.014489715468763055,-0.017311602535233908,-0.015521993699312425,-0.017418675645710934,-0.007314049171564576,236
0.02342713071480597,-0.01871292625499106,-0.016585587430733958,-0.009828858507912416,-0.007789110056425601,237
-0.024323317849048603,-0.02117503973121158,0.014264249133964657,0.0020009457637163936,-0.01043027394410223,238
0.02032412729179473,0.016099659170947807,0.017508268424334606,0.010807036290232237,0.003766450799147231,239
-0.019172819037470847,-0.02261044659601363,0.021686455127489467,-0.008805252319977148,-0.0019610250277646672,240
0.022506100928401936,-0.01786535742698421,-0.015399524934467558,-0.009534983657796868,-0.010022924017501551,241
0.012895889280389117,-0.01619524646276212,-0.013782022143984564,-0.017079707378680153,-0.010349225280325107,242
0.014194587870230233,-0.017867888382086524,-0.01669973546458537,-0.018728060040019312,0.0022219771430248693,243
-0.015609154321814174,0.028892189691106875,-0.010217775651300927,-0.011138986652992044,0.001263327014767655,244
-0.029376474515686826,-1.8647656367219183e-4,-0.015541226766980524,0.014917398150201844,-0.00499569936888442,245
-0.02830285247723033,-0.003063981603578516,-0.01444834514092654,0.017145191703994023,-0.0022209516015518948,246
-0.026969103438861303,0.0022208678587338415,-0.018770167561309926,0.014486598504387925,0.0031401279329519726,247
-0.028402743916048884,0.0023993011061699764,-0.018083705859626792,0.01416799713279215,-0.002625091897487358,248
-0.02502223514264075,0.004839397597963584,-0.019563950269499003,0.011331741689479832,0.008821230769801632,249
-0.017974338113599487,-0.020542528834923628,0.0178294110783628,-0.005776815345300648,0.011040365399297085,250
0.028998373997389505,-0.006440668071916359,-0.0024420570979316186,0.0036302071059904173,-0.01606400934553319,251
0.02264361708160462,-0.01975823769104844,-0.018222819910846587,-0.01181369240318306,-0.0016756812888760598,252
0.02632333567830604,-7.362684883299941e-4,0.004763663412246848,0.01279230705472127,0.013149533043975446,253
-0.022142366232421832,-0.02348277824155469,0.0205581663185887,-0.0037667011180926918,-0.004593740787732877,254
0.021613834818665925,0.015790888771599693,0.0171310946050139,0.01011242456487523,-0.0050252022464583245,255
-0.014196589632116044,0.021062532291700464,-0.008094260178701615,-0.010479275410888486,-0.01296942204944808,256
-0.02166206979298874,-0.006278854863502722,-0.009552338104001528,0.012525232157047863,0.014578120550053053,257
-0.02355263403615432,-0.022815054428890952,0.017595755456636435,0.0019949840845119326,-0.002150517964892805,258
-0.022293947056438515,-0.004172064147573535,-0.012671508150348294,0.014438953359233083,0.01204125393772448,259
0.021535013025061733,-0.019480224393565986,-0.017966852249755052,-0.012820464098555778,-0.0035157357192865664,260
0.02626542650747458,-0.008057303434952862,-0.0016746625373156476,0.010034418100545842,0.013644615752420552,261
0.026099507628831516,0.008130245666383895,0.009939048262263614,0.012451179968593348,0.012226989581741678,262
-0.01564012743202151,-0.01997293506208745,0.020035202371868996,-0.014479168908730227,-3.2353287516579543e-4,263
-0.030526472826696426,-0.012344481659138496,-0.002832763771193839,0.015952644155415207,-0.006417433419808078,264
-0.02242510749851854,-0.02244935089282348,0.018195874135762093,-0.0023013048345502077,-0.007739899131410913,265
0.0317621339763735,-0.0027573541031825697,0.0028599161441461613,0.01417688887533251,0.00335178101837011,266
-0.01646478894856964,-0.020922436347740565,0.02124943212636729,-0.013721898461092761,0.003321382056772506,267
-0.024051726254154217,-0.02145690901330687,0.014949401000208721,0.00132874157892353,-0.010033714236744875,268
0.014983041584184138,0.02242821129723728,0.01899014401028477,0.0045477726817319,0.003472374304655264,269
-0.00957820116249928,0.025583811098880586,-0.003693737955692758,-0.01126229204890238,0.013217225532048144,270
0.027421972681818892,0.0022709342801418672,0.005426273163716873,0.007688050640619439,-0.015837900918725098,271
-0.008910974204373274,0.02547736322165534,-0.0029118094271949092,-0.011612840953286505,0.013389691009540166,272
-0.023917144939384388,0.01965800661506767,-0.01818595098741863,-0.002045955711749943,-0.004232224308267991,273
-0.018518332891653673,-0.02076788227494375,0.017726336930891956,-0.004911497997401589,0.010704527521050403,274
0.02389253836573687,-0.014562385228094433,-0.010932655204576284,-0.004982684608801825,-0.014539813413871469,275
0.016040841214840545,0.02232296319784623,0.014517544973075749,0.0044240929132670975,0.013183853815891029,276
0.018305042060586866,0.01797619834712041,0.01876634672551825,0.008078519288042594,-0.002853860455172264,277
-0.021939244205948297,-0.02388545711538443,0.021240933438749186,-0.0031579709476368986,0.002048509493309703,278
0.03347055659757869,-0.013366566055748237,-0.008938299936355915,0.005934344438943093,-3.724952067632865e-4,279
-0.02702192710641399,-0.021184877323050973,0.011968046330519662,0.008592354710876377,-0.0012408107555797881,280
0.02844346250209174,-0.001190650578388094,0.0032202534616728802,0.008614162400849305,-0.01456089734327614,281
0.0024903399860041454,0.02744499195946503,0.011696596787724748,-0.01076471672909218,0.007646164500573095,282
0.01626553514791766,-0.01770932431588871,-0.015843088511784332,-0.014560801397067292,0.008206089540367046,283
-0.016407857793956333,0.02625521254790842,-0.010714482645788073,-0.010785921373146939,-0.0040329675732066255,284
-0.018298708403509976,-0.022018640673662434,0.02135225765480561,-0.010071088006766583,-0.0022284969838398195,285
0.01493569743565234,0.02103411768911458,0.019617737678182375,0.004815985746063263,-0.0010498253865265446,286
0.006914916660295768,0.02893730330363014,0.013495119493946285,-0.006928430154458298,-0.007073692251660773,287
-0.015261155334445227,0.01993122715513512,-0.009463845861963263,-0.010169265926062189,-0.012951081399429826,288
0.02204653213438793,0.014447011622988816,0.01682613924309809,0.012043824761263958,0.0019344308315156896,289
-0.016568211082219623,0.019710551923460204,-0.010545685566459555,-0.008277552175977913,-0.013218034850113466,290
0.013483319178490783,0.0249264834011627,0.01428037702544872,0.002150950399481958,0.01265182286640502,291
0.007079629665169985,0.031398848703694235,0.014463212991759586,-0.005675999515532768,1.2349900039282876e-4,292
-0.02236215310133606,-4.7110923068978855e-4,-0.015277986353848003,0.011337142478970866,0.014040913370779467,293
0.015457255580400042,0.020837227518595316,0.01936226459128738,0.005072107253192836,-0.0017775121947626396,294
-0.024667363790795423,-0.02262884923261319,0.01609997620537332,0.004087829853029576,4.0994395724008024e-4,295
0.018674722435210043,-0.01906210090331776,-0.01776252514959061,-0.015342591104209808,-4.4835170804814045e-4,296
-0.023650839472500268,-0.02251393559217281,0.016887021922460256,0.002884921731847738,-0.002650592949422782,297
-0.02840654678487405,-0.019870391610037442,0.009026790001242669,0.010658252300010567,-0.0044674973507594475,298
0.019191009410160196,0.017030643355778016,0.018497644072498404,0.00899007455901756,-0.00335945155511068,299
0.02472177801345024,-0.01945673303139207,-0.017320982293669455,-0.008137951527622447,0.004213960801408386,300
0.0038911180582813683,0.031719176276385264,0.012272462894525429,-0.008803721148785387,-0.0010095382997696249,301
0.0044293187654266195,0.029915563639057258,0.012191573770913929,-0.008579987402406088,-0.006342418335762391,302
0.015784171250691224,0.021254738493627946,0.019076748842393538,0.004782639129923815,-0.0029328932800030817,303
-0.02504465887996079,0.011606072405778527,-0.0214520883290081,0.006321062491744699,0.006750227321323422,304
-0.024079060748828422,-0.021914197872463216,0.014906534785841164,0.004590200647725333,0.00503151559494353,305
0.0281771181482419,-0.009178062284726049,-0.0033019604672080848,0.008980287804505837,0.012090894236801599,306
-0.02026748956716293,0.01637503478066434,-0.01474043525548592,-0.004836635080504822,-0.01221055188948364,307
-0.015593903626775768,-0.020020442160232913,0.020239702593340403,-0.014740893233242246,8.795004869402685e-4,308
-0.020249109154682806,-0.022560860544505575,0.01996957729883091,-0.004407512172084598,0.00738510464583002,309
0.026097337467056454,0.011306254218365785,0.014322076881262682,0.01413958796526198,-4.955344948609177e-4,310
0.02447271903744728,-0.015700454537015192,-0.011258318561876457,-5.150005685402714e-6,0.01378059656459254,311
0.014581882245845425,-0.017391190814033553,-0.015645701562961637,-0.017466563663273982,-0.007090329273986213,312
-0.02244938684049022,-0.02360623724346379,0.02008603320095614,-0.0012285824896633066,7.404228932591229e-4,313
0.026423486306391773,-0.01797883627897571,-0.01469839945989147,-0.002933051720206516,0.008546652666155877,314
-0.01739131583779236,0.024832304932752944,-0.01182905733978323,-0.01038927631871387,-0.005065740509112884,315
0.028687713203617963,-0.010209949201233618,-0.005473673302734779,0.004178708228913762,-0.012844434801394031,316
0.013993566418338413,-0.017289081746127855,-0.015573090572017617,-0.017993791580792264,-0.006766352557011652,317
-0.016361838809555114,-0.02069286472522259,0.020824501588226647,-0.013635383065535092,0.0010924282411068755,318
0.02014341303332797,0.01449121998142654,0.013297702216181349,0.008691315062860564,0.014377978055034796,319
-0.014697464142332296,0.027529002275228583,-0.008902543731030487,-0.01197927464666741,-0.003459803109190944,320
0.02396099166637962,-0.01941553210305033,-0.01732146490882832,-0.008732082602697575,0.004972713815802069,321
-0.024272539876393627,-0.02309061461505504,0.01730242470333212,0.0026190284187205186,0.002154113489689524,322
-0.0020328033108318023,0.026932708395357965,0.004505047810022603,-0.011082252429779029,-0.012765459222430938,323
-0.017719841121662486,-0.02046731896606936,0.01829906604793803,-0.008821187801769333,-0.007958615891397958,324
-0.023709633799102174,-0.007352210901640857,-0.010045057390717356,0.01726161309579841,0.007317864189687337,325
-0.025608266601814304,-0.02193856696002303,0.01412968940268997,0.006220581283441751,-4.107180725816709e-5,326
-0.020012722443326726,0.024797932054664417,-0.01532430100339778,-0.005946650635751654,0.004340732575510794,327
-0.01659140873214131,-0.02095698427758979,0.021165240620104622,-0.013421131390315406,0.0021913846522177162,328
0.029380702060857397,0.006055535772481428,0.010474162814090793,0.015829559076218715,2.4338366262049757e-4,329
-0.01801832808304875,-0.02058694436213901,0.017886766552404676,-0.0057813439794353345,0.01095865625754303,330
0.0052383577524580446,0.029050263464926947,0.01309752105043001,-0.008430955795641758,-0.006426112952893468,331
0.03402756095175111,-0.007919477115936735,-0.0026666382848076283,0.01104098777321556,0.0015852676598135597,332
-0.00874735817325915,0.02990709314586293,-0.0020025300771351114,-0.011726246330498964,0.008610613911745817,333
-0.0287834767033228,-0.013430432839597129,8.830400600439722e-4,0.010883500856405891,-0.01193113127043427,334
0.01993207330049728,-0.01733376678375014,-0.014211963951736122,-0.007627929383814634,0.011898737369711908,335
0.020038524907775634,0.017150049838833642,0.017414126559353347,0.010136642935654302,0.005107422812336341,336
0.029755165414736412,-0.014089249202295526,-0.00990179298492062,0.001776586023362367,-0.009089228264591546,337
0.010517522250019397,0.02194029311269467,0.01204788359053426,-0.0020758539599204117,-0.016468062209631856,338
0.0017006980441898,0.025112446844608522,0.007279445425850852,-0.009193381526907931,-0.014818596267156058,339
-0.02359292977289002,-0.022557127351951606,0.01695880363839582,0.0028412897180312997,-0.0021939828928574613,340
-0.021454902752239206,-0.023086476301058236,0.02039032799794483,-0.004736848727983469,-0.0053167585668284735,341
0.027736684069812587,-0.01668597276032733,-0.012745944397327935,3.1930009820134973e-4,0.009486120587725974,342
0.02102264131265991,0.015268123156691857,0.017227362210780126,0.011435774259333543,0.0031020702524334775,343
-0.009136211119706666,0.026049651672899785,-0.0030941102138403427,-0.01194467247050485,0.012406289391111162,344
-0.01174420886580484,0.028260730195531047,-0.005831863446650697,-0.014672573828048372,-0.0016073585230742874,345
0.027714202289333068,-0.007674929193960171,-0.0014683428580183659,0.01075787501133336,0.011659636447387791,346
-0.024517096298478386,-0.021767560043548642,0.014314266607272693,0.005698423675730999,0.003081962162093869,347
0.003090503664475725,0.027538820818769193,0.011400284446829168,-0.009228947627630808,0.009242059682734598,348
0.011295223093999605,0.026316738866871348,0.015718401069649182,-5.32132237921185e-5,0.00935243928224547,349
-0.02876526010906497,0.005042970973985939,-0.017518462248738348,0.010926701424503105,-0.0076163161688717175,350
0.030035750607341784,-0.011785176263251774,-0.007186374930583417,0.003932912154730428,-0.01014578571084529,351
-0.027292686769499305,0.00648083537837941,-0.016141217019084195,0.006658802507728105,-0.011006348226295985,352
-0.025492285022920575,-0.021448061783885506,0.013182031740983173,0.007249707349485289,8.180301861839106e-4,353
0.030593234417925476,-0.013774062076581278,-0.009506186275418436,0.0027060901568387403,-0.00810939214343268,354
0.022578519377478633,-0.003025322858023132,0.003630871110982573,0.011173939576064735,0.016588867216781402,355
0.02206715647934826,-0.01648063928480457,-0.013581706982549237,-0.008812316015006132,-0.013028182713584375,356
0.00512212041854718,0.02760987091033374,0.01151015430693341,-0.00601189040673478,0.01151638903990079,357
0.029766472775932824,-0.018764912582232465,-0.016053223994010518,-0.002907568641297928,0.0016549573498671074,358
-0.02461002070569194,-0.02228985522801802,0.015339257664656705,0.004742952179906745,0.002140288081023558,359
0.01210827188769444,0.02660460978535027,0.017776890625829798,4.025371195628807e-4,0.003339306515923094,360
-0.022537014614852195,-0.021949855879291554,0.017058701752816464,-0.0015320477350366933,-0.008916246359304929,361
0.01547385011679678,0.02034209632658111,0.019672646368793633,0.005508666041603532,-9.732609357422668e-4,362
0.03404065166577431,-0.008641789648572904,-0.003593646191712512,0.010249521316423435,0.003383531725261958,363
0.02279555608072863,0.01519290926289329,0.01451622228589146,0.009097816550899982,-0.011084121699653221,364
-0.01711982472023483,0.025047518202185422,-0.011571361751833806,-0.010550009995291071,-0.004846552788538975,365
0.004264395235215186,0.031441906973557046,0.012775629356909068,-0.008518600719539745,6.864098402298599e-4,366
-0.0117194725678077,0.022943357091840942,-0.005189577560484175,-0.011576287567132354,-0.013078031353212826,367
0.03260121365228067,-0.002978267480154645,0.0020423450371492447,0.013182410591120157,0.004324392350478645,368
-0.016631444288504892,0.02195477311957626,-0.01251109859878954,-0.0070001291812328776,0.011797188880420353,369
0.027842504317132383,0.009375455174586454,0.012724363437693906,0.014868900706542192,-0.0013651064115123423,370
0.03332500643824419,-0.007470198305386641,-0.0026165434932791365,0.009196637975289797,-0.007227847639073124,371
-0.026429191628038966,-0.006580413689142436,-0.01143118327220603,0.018834276511078416,9.675169381332954e-4,372
-0.022262233065578493,-0.0036284665660099593,-0.012566832564654087,0.012877878844581078,0.013545090669863423,373
-0.026663676961981967,-0.020923730284129437,0.012033079127820936,0.006761828236432561,-0.008289281905846446,374
-0.024459008928707525,-0.006701118199009107,-0.01096164855973927,0.01765775533115844,0.005754217588250914,375
0.002621756782269935,0.027541100948515536,0.011204443019066406,-0.00981239821677897,0.008946713169979132,376
0.021931068673539934,-0.0014200581976599128,0.00509037137328856,0.011616335228315318,0.01654244373955594,377
0.023935557168875084,-0.019201295996428603,-0.01696148446694072,-0.008227978127977853,0.006328594182261947,378
-0.02247853310396885,-0.022874316075749745,0.018345220472841393,-2.2225315260417433e-4,0.006176501949201542,379
-0.02342851572689127,0.020293730370872495,-0.01820341620837136,-0.0026056300860041043,-0.0031394423869599408,380
0.02016000802678353,-0.01738212125422581,-0.014262768762815395,-0.007493029155759591,0.011739518793076916,381
-0.013863455280095341,0.020524747615508956,-0.00782889894227076,-0.010974010763921392,-0.013426154187047727,382
-0.025330580895997032,0.007902444092754245,-0.020555802165548052,0.009443865365727408,0.007831773250324681,383
-0.0238060149395259,-0.022675568928420046,0.01690368905850979,0.0029918836192894356,-0.0011348403982782572,384
-0.026595839929127865,0.00932290398914027,-0.02107726904270484,0.008056739038367667,-0.0013483416469838763,385
-0.022449746456181616,0.01729040740976774,-0.01957731446128398,-2.1099016244942634e-4,0.008289919998908397,386
-0.02416253610590627,-0.009411148437987729,-0.006482195264851719,0.013995444262529584,0.011200133270423488,387
-0.016109143696050952,-0.020284171078260645,0.019924546648455242,-0.012140612310515062,0.008519794112532616,388
-0.022101755870634524,-0.004157686139096026,-0.012205011572196852,0.013298071454780278,0.013340032418553518,389
-0.029310280917868633,-0.009344217220453095,-0.004528627454669476,0.012589080628102127,-0.011226285128331388,390
-0.028931345756087638,0.002651511511959633,-0.013618015135283757,0.008670438979635061,-0.011997795726726976,391
-0.026152030405527396,-0.0206632469141873,0.011829471313789667,0.006295375813471952,-0.009509296960103962,392
-0.024389382905449647,-0.006210432871055908,-0.011521829550883692,0.017567086378084212,0.006023503961148614,393
0.015835385063624283,-0.017879348994798344,-0.016262157102159572,-0.015725060338949083,0.006688104751136902,394
0.019546801054800104,0.01683666234555429,0.018357933181829402,0.009393893717707826,-0.0026068862513248846,395
0.01902767832086461,0.016839333893873164,0.013622900090997711,0.007499234286132138,0.014263239746714916,396
0.018040607936917332,-0.018786761321532765,-0.01737790311448413,-0.015689392708247898,-0.0044448269962664416,397
-0.028856378117042076,-0.012226688322577868,-6.847843871060135e-4,0.011315688368027585,-0.011928720539650207,398
0.005324370978717331,0.028554957172857876,0.010154846331104618,-0.004080758307357387,0.013045183323757576,399
-0.016678483439935447,0.025464523078304834,-0.011053026837771268,-0.01074638302781274,-0.004793898346490018,400
-0.008928435822477671,0.030164449718929835,-0.0022276767933068014,-0.013589115760654446,-0.004454264260488634,401
-0.018969349844643477,0.018470136627675084,-0.016028032426134965,-0.004664127599475037,0.011619768388163204,402
0.01412193095451194,-0.01792090144573422,-0.01681367959295313,-0.019148371518220436,7.689152959512964e-4,403
-0.015977355251362096,0.020845274150378373,-0.01217516532055549,-0.007689454139121544,0.012948896208186888,404
0.029256469687680614,-0.005912884148513616,-2.449561104541496e-4,0.011456007587165596,0.010063714340502948,405
-0.02683866292231651,0.00888278732227011,-0.020321562130638602,0.008336437457052889,-0.003156730876050659,406
-0.015847697330379537,-0.020007887103605904,0.01958045788249867,-0.012200967348072946,0.008987588405049771,407
0.028498352291550833,-0.008922254204132549,-0.004443029434544735,0.0036749393680701294,-0.014543456183788646,408
0.02616669899471382,-0.011249301561336413,-0.007138637970506024,-0.0011253926979817837,-0.016271779640255994,409
0.030345261668761298,-0.013204157523169788,-0.008773725799791778,0.0032328339982990013,-0.008662769412698147,410
0.02471490693313982,-0.013551635580810531,-0.009741581594876486,-0.003696838387650557,-0.015065489093238054,411
0.016512880892944674,-0.018602164486168374,-0.017426597847606733,-0.017380272529095853,-0.001481917349305185,412
0.01508598351171629,0.02132077620795478,0.01386936098154004,7.49087829998721e-4,-0.013875901890910942,413
0.03065180739318845,9.159813574840274e-4,0.006065643361707235,0.013917460911267917,-0.007380606804913449,414
-0.0168333386179611,0.020015852630118857,-0.011068002945516981,-0.008929507617427673,-0.012062461178452973,415
-0.02433948710568413,0.013411453781233285,-0.02117648188107601,0.004313126082329485,0.007103132614504,416
-0.01865641478436956,-0.02226270563625557,0.021474811673323695,-0.009463404212866615,-0.002311603749778782,417
-0.023961642652791083,0.008281566363255864,-0.020161881926179404,0.0077301002909046755,0.010215197222759575,418
-0.022614463594532803,0.01848227558791805,-0.019390346713183803,-7.866304218247207e-4,0.006953197485407046,419
0.034456177688769324,-0.009430986933783043,-0.004460615444634227,0.009731942918372503,-7.949620644154752e-4,420
-0.01599891993464847,0.02983550460287145,-0.010338793881349426,-0.008928604860250506,0.004548609926065242,421
-0.01736527966376722,-0.020337739944189134,0.018398958945145844,-0.00943232102829001,-0.0076148796255914395,422
0.03243826449932026,-0.015125505766972974,-0.011161098414626676,0.0031290619899727065,-0.0026662015669386575,423
0.01538366074064019,0.022298155961124548,0.01869697152562346,0.0048795347440647174,0.004129031631649995,424
0.016717508486310134,0.02014672173709466,0.01370190170073535,0.0022080774380367797,-0.01421026133035327,425
-0.022709516619451368,0.008387835112390567,-0.020223755810301672,0.0063413312714529655,0.01154672215968523,426
-0.01567968705467635,-0.019378314400282908,0.01834279942165724,-0.012834003850844091,-0.005847121545771495,427
-0.028827491681623303,-0.003389865211389287,-0.013686947241810805,0.0168558519287706,-0.0037300694283008695,428
-0.02811924214040671,-0.017325364916538032,0.005085827346054377,0.012002754102985005,-0.008029049146246492,429
-0.005579586129998483,0.031274204005453256,0.0018812970212522683,-0.011245659512062875,0.007947571223820398,430
-0.01717713881780225,0.028548704565272687,-0.011894902383643973,-0.008801092592065357,0.003657796393070158,431
-0.016623832728734567,0.020462261191185074,-0.012985206608249658,-0.007248181035891337,0.012420691820894853,432
0.03363117311753066,-0.013277147884687698,-0.008932842971634991,0.0058322932843444635,0.0023138160803222864,433
-0.028121139648473716,0.004683038847109818,-0.01879575026840057,0.011766641567421436,-0.004450637692067871,434
0.016618249182400943,-0.016908708654425668,-0.014437608902476008,-0.014004950814072681,-0.01083344566999377,435
0.0015985118002356398,0.028728552067717433,0.007995545378678286,-0.007329151325537292,0.012532645489804945,436
0.021303553151068667,-0.0020111863736741375,0.004737655720954761,0.01124879684265145,0.017267670411866283,437
-0.0299954134334817,-0.010413321941894234,-0.0054849286216930625,0.016736883925728287,-0.0061550198279759286,438
0.02105132412316201,0.015295314723828071,0.017244381176203877,0.011433131919120253,0.002965095646098097,439
0.025895134621475135,0.005003819062451326,0.007780905911364187,0.008204496239208983,-0.015904383824059926,440
-0.02422207890501483,-0.021596961301775464,0.01414569730064971,0.005717004527869794,0.00413578188733979,441
-0.029661866301310916,-0.008636331199559023,-0.007451694714096673,0.01666450707886178,-0.006653160798495602,442
-0.025387437550583165,-0.0050635319297541925,-0.012627329969491419,0.0173124159571278,0.004714354723035728,443
0.031575824050104916,-0.01717395537524622,-0.013795110240836534,5.592643844969729e-4,-3.2836446929461547e-4,444
0.01713900208814649,-0.018227387284304068,-0.0165695709539787,-0.014757041251480918,0.0061362405572273045,445
0.030179490977980016,0.001371154436639386,0.00552315346582651,0.013713331191058626,0.008659947639511424,446
-0.0086731523557374,0.02655158103102459,-0.002517055404662108,-0.011818163322838799,0.012204066275936369,447
-0.026555686990134025,-0.0065034731621745594,-0.011522861949081335,0.018878377372062483,4.7432273229426776e-4,448
0.028999525349349718,-0.017285223260803558,-0.01360474960894402,1.4411769783439913e-4,0.00668477275857853,449
0.015224146128296487,-0.018087431575649703,-0.016813056510635888,-0.01753504233498997,0.003148620060452122,450
-0.022317606380223183,-0.022285531636184443,0.01718700190709525,5.594383186422395e-4,0.007560759238554522,451
-0.018893307692634132,0.026481114497455494,-0.013929322904078655,-0.006773502335374351,0.004548044377692378,452
-0.009540789286854964,0.030340638380292436,-0.0027910515870824435,-0.012819687494546575,-0.005007668195540968,453
0.019810043431560523,-0.019143652367581573,-0.017702522949155603,-0.014353537161596526,-0.004192621998836798,454
-0.027910477001627368,-0.018461092634941948,0.00755440389877051,0.009502528179951198,-0.009636052338815293,455
-0.024788142748910377,0.012187152574963847,-0.021622632766247672,0.005405480011984307,0.005915305920352107,456
0.026506001249288175,-0.0072313116182904785,-8.349465613900323e-4,0.010850508800471937,0.013114228553509794,457
1.4917923644567355e-4,0.031394492250690596,0.009339390746535316,-0.012051161590324837,0.0016395504033065176,458
0.01987296272542092,-0.018495389801095254,-0.01643289430838849,-0.011553494743721445,0.007795837103561777,459
0.02726995330176953,-0.014814958504696241,-0.010348943910842831,0.0018645729442213895,0.011884897705062384,460
-0.018974907610548025,-0.022594713560839766,0.021915988989550043,-0.009372880780483832,-0.0011553809505371574,461
0.0013940389131618539,0.03178739790186812,0.010338988569727793,-0.010870213187164277,2.905370926006611e-4,462
-0.02922061235145104,-0.006778631091244103,-0.007061129046234421,0.012350237479109802,-0.011508608132327772,463
-6.645097632382368e-4,0.031301707587967735,0.008374843076476741,-0.012197686171550594,0.003242451966077974,464
-0.025426737372437034,0.004722395539722959,-0.01984047554706752,0.012072012315249795,0.007141311919252942,465
0.032760699212471184,-0.014562749397024089,-0.010280596186596627,0.004775212157855133,2.866274812009065e-4,466
0.02875454892942868,3.8667094697154034e-4,0.004373615099812115,0.009125881943339494,-0.014024549228513084,467
0.022702039462298502,-0.0150720446901236,-0.011612739583224006,-0.0065534544199720695,-0.014729975899178762,468
0.022272582255313672,0.0017252267283643526,0.007133651429041496,0.011876308938404412,0.015822117796036317,469
0.015290744319594242,-0.017602793922909764,-0.015901288853147177,-0.015762963265588757,0.007717155323034931,470
0.015387630410713251,0.020823861107695307,0.01971060689402411,0.005478589891404141,8.526626273582932e-4,471
0.02643983833875983,-0.01965521495139294,-0.01757885485371946,-0.007360775077185154,7.03871318860378e-4,472
-0.02942214462694607,-0.0031243774242724954,-0.01004556635574724,0.011358327147845966,-0.011763778176110733,473
0.0267249010682517,-0.01767350601014255,-0.014223527286823967,-0.0021315799175833997,0.008967132978490557,474
-0.01580976470765663,0.020332272366599614,-0.009892860394838934,-0.009368004879772691,-0.012660875240869772,475
-8.58709757848207e-4,0.03315135349815417,0.007167041743896064,-0.010961541234562616,-0.0041789963497844505,476
-0.02606171134530956,0.01078106874501422,-0.021802317090469068,0.006993086311502478,0.0014465672923139588,477
0.018720158693704962,0.01808769883053501,0.018643830048139316,0.00842231208928823,-0.0016059707969573438,478
0.015594154837445974,0.022688245082664277,0.014835245842012205,0.004155967464857967,0.012776339714110109,479
0.021151979587247155,0.016579790035977187,0.015503196293789745,0.008193625458959243,-0.010711763628147197,480
0.029077660345773845,-0.015077777457316227,-0.011084746171543576,5.198627246935254e-4,-0.009009683520602666,481
0.01119256411212544,0.027756909537044468,0.01729796677194723,-8.391160185747499e-4,0.0030513666197209315,482
-0.014497819071382133,0.0232711704794368,-0.00987627892084627,-0.008385374978247529,0.013013959880052791,483
0.010124681598884388,0.02965420815017474,0.0163462980901363,-0.0022387202107887355,0.0019123172378187163,484
0.014489341611932698,0.021968838390155423,0.01941756764454793,0.003999172572900534,-0.001247914296767785,485
-0.023331289719730745,-0.023086534910819072,0.018028900337342,0.001062078524291983,0.0045514104663926585,486
-0.01624389109003747,-0.02068405221600403,0.020972415435198254,-0.013959052059782281,0.0023128850804764764,487
0.013927196678070375,-0.017722709015213296,-0.01651121329264961,-0.01866485681725392,0.0034612238492897976,488
0.021389889736765845,-9.00215076585936e-4,0.005631171811364361,0.011649617525083181,0.016805465587719448,489
-0.013539651957013657,-0.017619870294284672,0.016864058911890422,-0.013797386504978575,0.01147995454397006,490
0.03237896604472936,-0.007221541344512672,-0.002433025637123805,0.00852357564478529,-0.008880673953153716,491
-0.01695278713836158,-0.02102057560125204,0.020751941564800376,-0.012350988431844952,-0.0016962507635977725,492
-0.008278739501853472,0.03100108857431377,-0.001261365276498629,-0.011409536985137188,0.007744301853368379,493
0.016142890104306994,-0.018306367378355733,-0.016967824177760396,-0.016656117256442747,0.0032765269134382028,494
-3.884210170483782e-4,0.029490757897269015,0.006230024908208805,-0.008383182938883096,0.011990537574930593,495
-0.023891266808426296,0.020479265898849054,-0.01840833849431333,-0.0017477057591114285,-0.0025291996751225405,496
-0.024250195172418745,-0.0061095223795443404,-0.011544186041515449,0.017259501907973453,0.006719900540409379,497
-0.022638761525683542,7.526292452147726e-4,-0.01626203931707726,0.01110679291123909,0.013502108604032647,498
0.019480128361848675,0.014878627860788259,0.013648941548964403,0.008436078978169786,0.014458891471761392,499
-0.018524109242144603,-0.021235647404166922,0.019218214969595332,-0.008209864141979759,-0.0067588985089347825,500
-0.028934854054920488,0.002958097067919419,-0.017340654498102393,0.012846785281779589,-0.005656867965145457,501
0.032918994678273805,-0.007088677681621084,-0.0017517498821161435,0.011441692093366752,0.004752975805492239,502
-0.014481957384372647,-0.018365285125996007,0.017319526438405244,-0.01226737850958952,0.011357604062798699,503
0.030911756060144697,0.002071164150600566,0.007281448556330479,0.01532575072876319,-0.004279769971750227,504
0.023329879717554864,-0.012155976806076515,-0.006655940491295561,0.0033095713845788226,0.017251069050925313,505
0.002237841560962531,0.03070526593695076,0.011212308576901675,-0.010356433636288444,0.0030497830524427194,506
-0.020665069273360565,-0.022627310587515503,0.019660240085371303,-0.0036167645934660096,0.007215922639252273,507
-0.024921322949332744,-0.022343059320333297,0.015773634622321044,0.004087718004786751,-0.003989297540049665,508
-0.03049710459197499,-0.014430711850471,-3.8002170911519515e-5,0.015093871759245307,-0.006240157286297669,509
-0.028997529103968713,-0.01713618904434707,0.004366589351688597,0.012719527511456864,-0.006860441296721827,510
-0.019706469459637836,0.024931479629718874,-0.01510965575313421,-0.006347751454140077,0.004527927963661742,511
0.014363713614087979,0.02251027124196374,0.017943785844814864,0.003952347602422379,0.00771226203380194,512
-0.021977288801931866,-0.006135941129480274,-0.009602959719822826,0.012366017056601055,0.014456044052603057,513
-0.02770476903287972,0.001001588432582281,-0.017820658362917182,0.015260652267474065,-7.850571527724811e-4,514
0.011871572875407492,0.024194621779299482,0.014489051922398471,-0.0027795753782476327,-0.011576494823283318,515
0.014470351778382858,0.02251590871094347,0.017658558569077647,0.003993742340165212,0.008269403865496374,516
-0.02376252690790805,-0.008160698068421129,-0.0089014321674591515,0.016736295860700304,0.008154802356311622,517
-0.03027129265869995,-0.015244603759499892,0.0011759537185035563,0.014570291845140757,-0.006284525491939104,518
-0.015858841152133114,-0.01946371586880013,0.018302613945401565,-0.012443159868525566,-0.006181337112109963,519
-0.02149493535494974,-0.021741412606716966,0.017442372485627362,-0.0028577443904285182,-0.009067722955950236,520
-0.02083673085226922,-0.022880097346387886,0.02007412115489204,-0.003794803934571585,0.006614830992027948,521
-0.02617369228311691,0.010013971187955854,-0.020933747691900907,0.007264871138302707,-0.0022738044999661396,522
0.01409136207528487,-0.017703977940999305,-0.016432427366524897,-0.018273334090209505,0.004457626001352806,523
0.028513005781410326,-0.007466957413221826,-0.0013269740673634216,0.011258479380211557,0.010454632772982184,524
-0.0024984052452879752,0.02942822679593587,0.003836542583967903,-0.00851771844736487,0.012829836563719872,525
-0.029884958784031777,-0.007772844727441361,-0.009270567117844476,0.01800814886503735,-0.003672417480129148,526
-0.022112352099562037,0.022613619104815418,-0.017489087649555684,-0.003477088317296228,0.003577123285085244,527
0.02671547819733609,-0.018537307990555855,-0.016089018479264597,-0.006437925216875229,-0.006662791605505094,528
0.0250611324919244,-0.006894450217507013,-5.015123962335894e-4,0.009820978846438039,0.015481788638243397,529
-0.027532092030158068,0.007202084736318164,-0.019948585893397885,0.009904578454136448,-0.0031323686836330217,530
-0.028117362364079954,0.005380471003569874,-0.019009180235516815,0.011305070746438097,-0.004270934303984507,531
0.009084717302360065,0.027697136224860364,0.012522767109165254,-0.0013463308955709093,0.012745781842820256,532
-0.029679536136168062,-0.003438787194542309,-0.01300389800290917,0.016238905675191366,-0.005041723719809888,533
0.03300641430778514,-0.014054229271430407,-0.00969107130207735,0.005310153205042839,0.0013799581094352858,534
-0.02438570460708716,-0.021653269998752656,0.014294408335357741,0.004335780497300096,0.00719626723349024,535
-0.029739854177067915,-0.008923906555236512,-0.007401317500741607,0.017115001212020475,-0.00587534364179932,536
0.027084993995661562,0.011497605908442284,0.013532750512886653,0.013857129298984954,-0.0048224023967035085,537
-0.016855271507977294,0.01938296788523093,-0.013548616072744121,-0.007012499722736077,0.012900701036791532,538
-0.020060179150942298,-0.022874933318703564,0.021335737096417708,-0.007298679040261414,-0.0033067326470653394,539
-0.02041032745179629,0.02403914920486698,-0.015909457640607944,-0.005483406789205546,0.004631536932168479,540
0.02877293134918643,-0.015573336374460357,-0.011759317113670465,-3.1906248040012094e-4,-0.009015135451021334,541
0.021818826182707418,0.015419438837341572,0.017243029559726838,0.01132226804068449,-7.480494298849829e-5,542
0.01585097545300039,0.021119777765235086,0.01935786166110086,0.0056489365414780866,0.0017510882434651474,543
3.7038022616809284e-4,0.025446383184276427,0.0064441104062108005,-0.010056010932461897,-0.014278728860511288,544
-0.014786702583158512,0.022947730584830964,-0.01027753046307818,-0.008225072110902815,0.012958332389275783,545
0.029144874478845135,0.006908833215054287,0.011038749050387138,0.015505940296469302,-0.001504614087820707,546
-0.026297222445483524,0.012697978425846817,-0.02022014262268061,0.005681581816495646,-0.0034262022106009444,547
0.023193798843343102,-0.018209307875366957,-0.015830778046881138,-0.009250288978725528,-0.009064312661371868,548
0.02907314786510719,-0.017777768691476677,-0.014392009532179383,-8.945695186525559e-4,0.005924315237371391,549
-0.013939484516381285,-0.018028239346240125,0.01730862685852276,-0.013458983516818283,0.011101981429197027,550
-0.028618844490778256,-0.015903960190120105,0.004143927100642771,0.01006695697001095,-0.011471281007099762,551
0.010657999553371784,0.026535490487399324,0.016065504686675044,-6.770393190877866e-4,0.008603809732971281,552
-0.022481300289292922,-0.023535934220114182,0.019875399308633,-9.481529605486018e-4,9.035671445733473e-4,553
0.025651896719549507,-0.015960577748023876,-0.011651184227247318,2.847036893612148e-4,0.012296352831217647,554
-0.00307274468767484,0.030454468929352087,0.004247151674597595,-0.01212930630591288,-0.007978695062559157,555
0.023079342378146166,0.013807823971711824,0.016222893180821894,0.01251892096593331,0.0016611846996734912,556
-0.026702478060140863,0.009286710808248333,-0.01711769734345944,0.005313939327793101,-0.010420162276123463,557
0.03082251664869001,-0.007074456240610704,-0.0013375054536666666,0.011680865963705225,0.00754632557871164,558
-0.022171627902050142,0.020580736933298125,-0.01854643387979154,-0.002562275237798123,0.00560109142731665,559
0.029057941553974075,0.003780948953348945,0.008536613416619297,0.014221029073004206,-0.007829412520313536,560
-0.022221225259101862,-2.9840837633132077e-4,-0.015514683910301317,0.011422505998728445,0.013986140665661432,561
0.024355002946871714,-0.014156239866033957,-0.010457076571573827,-0.004384896751278625,-0.014662312443069642,562
-0.019543639483952217,-0.022886402471135856,0.021902710891275653,-0.008381705030323722,-0.001428129542429275,563
-0.009295136525678082,0.030541788758784178,-0.002419586381353375,-0.012510046007990017,-0.005928345850518964,564
0.03128691097844738,4.025190909064008e-4,0.006043647896650809,0.015656170566943496,-0.0012838079824146137,565
0.022110855643648206,0.015926055392239548,0.015917106945899737,0.009573166125383054,-0.00852958107420703,566
-0.02062513285738573,0.01920688868284435,-0.017423631149012832,-0.002763062701558065,0.009759636706287307,567
-0.012762104874980381,-0.016767216072003183,0.015837928198511143,-0.01426722104505736,0.012499319497390901,568
0.022179305127354314,-0.0060527444613511505,7.066222384303409e-4,0.00909519147287899,0.018125518491851535,569
0.02301609172955538,0.0012556729701511816,0.006879570736429838,0.01245601163423067,0.014883119867082063,570
0.022182956728712563,-0.0049529723350724645,0.0018213864323360744,0.009812748270292208,0.017759081199279998,571
-0.011024213991932805,0.02966330426626852,-0.004609983243170485,-0.011342654739893697,0.008061274890879237,572
0.023136676411646188,-0.013296592728363938,-0.008047855097073599,0.002110881231688207,0.016809812755726284,573
0.017606993642824156,-0.018587800779097823,-0.01712013591059616,-0.015197807223083403,0.0035913294583505995,574
0.03175133889260025,-0.0029163480059667493,0.0029334000091458838,0.014386046214863427,0.0023700041210167814,575
-0.028358767833124646,0.004289526718600291,-0.018263542707528002,0.011920260326918005,-0.005468657991388846,576
-0.015144746871983463,0.026921471508941388,-0.009320243659613885,-0.011505755498231319,-0.004428943067505045,577
-0.027085078825919498,0.006627396243455817,-0.016102345573524676,0.006255493682736256,-0.0112542820938341,578
0.013178889601203158,-0.016316126461553254,-0.013953805816051598,-0.01697636455359981,-0.010177169651335867,579
-0.013345138189178546,-0.017308508095282366,0.0163230586528522,-0.013522477128277637,0.012141712428835884,580
-0.010668497763534686,0.028581506099125895,-0.004478232513358449,-0.014783429283714598,-0.0027284339702927656,581
0.015884778340160912,-0.01837797416754323,-0.01718031245343064,-0.017528896936485457,9.60209350870657e-4,582
0.013291768139141544,-0.016243743613616402,-0.013784647041404885,-0.016631793702005817,-0.010585055373114632,583
0.030504607916139063,-0.017146503782739225,-0.013673602950028032,1.4629299496128381e-4,-0.0027583401799260343,584
0.02501748070979084,0.01396178851288452,0.014771336447472796,0.011763886140363621,-0.007022637966232316,585
-0.02279032764264322,-0.02316788925789756,0.018899358446370494,3.95182372320605e-4,-0.0010786062340673802,586
-0.02261761124068298,-0.023326620278608053,0.01937445877921985,-2.5146336188943503e-4,-4.431881561575788e-4,587
-0.024250597379984154,0.0038772892850235984,-0.01843059890019778,0.010684549520236952,0.011239375582181325,588
-0.021559897725246906,-0.02383034411014263,0.021531201438721326,-0.00398542736198455,0.0032861738550087876,589
-0.02615092076728993,-0.020342108613111497,0.01166115296119917,0.005458034032255574,-0.01049627843169126,590
0.030271167283247653,-0.01772641878640779,-0.01448709523128251,-7.813482899431127e-4,-0.0022792825304439957,591
-0.02977430957847362,-6.880488626251365e-4,-0.012052577405595906,0.011034232118665464,-0.011290913914630806,592
-0.02898755572320282,-0.011260636865198756,-0.0019261917888365296,0.0116095580479766,-0.01187755147619143,593
-0.028054421445855793,-0.019430671698610763,0.008417257879838796,0.010306809314531441,-0.006768792551971369,594
0.01648754090462057,-0.01859622143735453,-0.01742253204290469,-0.01741045613079088,-0.0015329433299736358,595
-0.02502321393690617,-0.02147462608235054,0.013465308365024879,0.006819404000234102,0.0020259668380484225,596
0.030930890857547282,-0.011173905080290565,-0.006344118428349005,0.0054445285909212795,-0.00890188516290817,597
-0.0193547817836156,-0.021343751939590372,0.018543012546605026,-0.006410954566250545,-0.008115003991338356,598
0.022486174743552634,-0.015341628943747139,-0.011977522685076288,-0.007036268261074482,-0.01453117832425828,599
-0.006884338997018021,0.031494255260588196,2.3913923177552564e-4,-0.012322512516979365,-0.005750130429023114,600
0.02403947381925755,-0.014893840437562427,-0.010171769400024339,7.308186028442097e-4,0.014904000800795063,601
-0.02295094706180267,-0.021699489720651378,0.016233225078292352,-5.91295118999842e-4,-0.00953618328517314,602
-6.58067299882447e-4,0.03180621442561648,0.008367129350025874,-0.012285350415130437,0.00147253737867274,603
0.02852963295758387,-0.001503598173847915,0.0025107338333391835,0.007152426662106105,-0.015611901262965083,604
0.023536578508146715,-0.019730936189278705,-0.018070601092685327,-0.010847511951764276,-0.0019788539309272663,605
-0.010163057227376246,0.028941775406783266,-0.0037987912748505452,-0.014600228680361626,-0.0033188870665155842,606
0.03057283617259167,-0.01665679394239676,-0.012871738649228939,0.0014820683540223388,0.005215366257602707,607
0.025566441891123046,-0.019396851702147933,-0.017147352233645715,-0.007212719565467399,0.004273874299905904,608
-0.010873402540364178,0.023755198930292636,-0.004273971938230162,-0.011943867451869714,-0.012824699484847423,609
0.028771885308429328,-0.001873161087466075,0.002401855941720263,0.008080398339081736,-0.014468626161650882,610
-0.012902706506546851,-0.016880273151897093,0.015902471488971063,-0.014010130605939706,0.012494438645010073,611
-0.029354426620716773,-0.003329543891502417,-0.01015497645664027,0.011808806562227919,-0.011432811246092361,612
0.02925757492687365,-0.010420366461260919,-0.005534161446519786,0.004984525946927697,-0.011548814895584021,613
0.02694031599634643,-0.018219185575358513,-0.015084644982701161,-0.0031477223531534105,0.007537675065070553,614
-0.019066118006951085,-0.02245833268660501,0.021456594202165932,-0.008806613536264734,-0.0026456242863938098,615
-0.015663601811245712,-0.01942110800599322,0.01847608720947419,-0.012969155870081309,-0.005518998446308993,616
-0.02486368865041294,-0.022030461504330735,0.014677410123682741,0.005600171709006342,0.001186818351614576,617
-0.025852398911005308,0.003659219756817926,-0.01954562628587299,0.013141905531099346,0.005838488655428738,618
0.02518790552717512,-0.018303188084865828,-0.015808572782359392,-0.007424750498645364,-0.008044560112445002,619
-0.013140007412719049,-0.01719963633461243,0.016387556676574967,-0.01410475833263399,0.011920549012462879,620
-0.029735585023209072,-0.00873664172774244,-0.00644594779975404,0.015183990621211074,-0.008646335536400955,621
-0.02365671507488584,0.012316073110099664,-0.02043187360472149,0.004609303990658465,0.009853377873666665,622
-0.020461307581590267,-0.02278064593021981,0.02025599731476483,-0.004397811673097907,0.006867757992301935,623
0.02877704060182196,-0.009877244049695049,-0.0052345812797179375,0.0040823090086721196,-0.013091127920802945,624
0.015137273729569883,0.022330806173972623,0.01722180232176944,0.004519084647614095,0.008949588885937262,625
-0.019980432469371933,-0.022643075868862942,0.020528876573917595,-0.00552644372407211,0.007236025841351987,626
0.03267540927523533,-0.0033297629794765034,0.001533056628287246,0.011148170380377688,-0.008407443070690806,627
0.015224735722577572,-0.017542032702200287,-0.015805469865067624,-0.015677379711700908,0.0079695072687764,628
0.01723691038308604,0.019009781604427383,0.019102841791405555,0.006637286330573134,-0.0041609559612292325,629
0.001038684084740328,0.026731013021835573,0.007357754717039518,-0.010174907650999588,-0.012415222849044671,630
-0.027262050418445448,0.005007152263417113,-0.015363400975359999,0.0068865570968162934,-0.011832781636554773,631
-0.023311219242403432,-0.022673816751516404,0.017407166818102462,0.00230779525236269,-0.0019446660907431845,632
-0.02868637668060876,-0.014336003723695038,0.002072885365069349,0.010640023473483827,-0.011795181987204065,633
-0.015633233753143058,-0.020059629745448778,0.020282195756416828,-0.0147010478363961,8.770297008137795e-4,634
0.015706719673255,0.02163359683208436,0.0181470084043428,0.0054405485147703625,0.006604441436107328,635
0.025619996127667986,-0.004590481609374256,0.0015808151708875818,0.011119365306245932,0.014573590524018175,636
0.01356234786237847,0.021254061532824466,0.01301915940546461,-9.058763472205675e-5,-0.015301198559485061,637
-0.014115707807346502,0.028370858737504126,-0.008529641380310904,-0.01272920695677511,-0.0010245662774535267,638
0.017678243644591536,0.019283325090530688,0.013174678800942528,0.002800296321080648,-0.014876401286019567,639
0.0045425467565005685,0.027704339306850095,0.01175300123329081,-0.006755605495862584,0.010636720862309358,640
0.02501143414255039,0.013368761586878853,0.013685028411374589,0.010824240618291996,-0.01007844219044269,641
-0.02281314852232398,-0.008431990315168225,-0.0074983810094710395,0.013732204551709239,0.012426200604575425,642
0.03340663545435998,-0.005900531304089712,-4.185937364344759e-4,0.012346973162675013,0.0016195910767026723,643
0.02238908881961556,-0.01968586410279586,-0.01809471177835764,-0.011629342719693243,0.0019034842438353451,644
0.031503490030052275,-0.0017245187319346103,0.004173967518656894,0.01501531715967151,0.0011282891243958684,645
-0.016613951371936702,-0.020003491062491222,0.018626419477501373,-0.011251884235433522,-0.006341867780022985,646
-0.01808746031028856,-0.02149765250457843,0.020166120291104324,-0.008461101657529517,0.008553883778057329,647
-0.015821137983232734,-0.019706139432601383,0.018977325862388143,-0.013045194378649124,-0.004624464099924707,648
-0.02309833820978512,-0.02263270585750176,0.01723716935301009,0.0014407538324105794,0.00595932112618664,649
0.010037624328379879,0.026038844159662327,0.01431736432455298,-0.004374366058274959,-0.01016366184607152,650
0.027816555809666316,-0.009255854690744782,-0.005063726213144948,0.0014639286818924594,-0.016066656877690284,651
0.023735449291286518,0.011047321582417417,0.01145825199467597,0.010866629111177825,0.013668417026075717,652
0.002439347131934405,0.027779141610469002,0.011654992480559236,-0.010811302216842173,0.007100437736562142,653
0.017127942051999943,-0.0179124881233251,-0.015996273774068925,-0.013833089019324904,0.0081142928182857,654
-0.0026347988849808966,0.026849228074810303,0.004062336326319451,-0.011372662327950991,-0.01279567887528555,655
0.025160091774226765,0.006933884103429704,0.008871233917695705,0.007812372282525085,-0.016053587345695525,656
0.002989403299062837,0.027708114683259788,0.010717497302182482,-0.008380321230915502,0.010512657250269298,657
0.016618900472364643,-0.01821386433585924,-0.016665970286393827,-0.015478635354285628,0.0054909695563339226,658
0.024270097878084443,-0.009935691567662878,-0.004082373695686413,0.005837851981603094,0.017184265945438343,659
-0.021396040938598065,0.018121110139946453,-0.01844796549157494,-0.0016234471037137235,0.009544996743844304,660
0.03008664800526153,-0.017517286322928427,-0.014281556180934575,-0.001064408582984956,-0.004112143125011179,661
-0.023219424550022415,0.008998938551164666,-0.020194914660651542,0.006454261017398954,0.010990538142393305,662
-0.026140535667174083,0.01032668822218315,-0.021207969911890827,0.00713360852049966,-0.0014464436778161677,663
0.03117530613629067,-0.011713428938241979,-0.007024373386352914,0.004933680977799436,-0.008463128615360378,664
0.022861709867096115,-0.01783287308819988,-0.014717924849756456,-0.005809228022191927,0.010318685369812708,665
-0.029598631933123735,-0.0067335776762425005,-0.007731865666405051,0.01373860851413449,-0.010159522750804739,666
-0.02760959569788252,4.81441431268382e-4,-0.01753801106387036,0.015558392913594619,7.527237457545181e-6,667
0.02356106237566874,-0.018157914365806407,-0.01572715496385946,-0.008824554325092993,-0.008987073653509288,668
0.02403479034305675,-0.01971786719678992,-0.017979267532322794,-0.010254123260433144,-0.0018967031777285515,669
-0.013158699291661928,0.02913250945364434,-0.00740372679523392,-0.013237176182542611,7.039584664505323e-4,670
-0.025152960611901008,0.011934689928880415,-0.021747970337949344,0.00577021141556792,0.004661587083661386,671
0.011782585545273285,0.026474164648048807,0.0176653775567174,1.6981836376256642e-4,0.004379846107935043,672
-0.015672454114437642,-0.019991887686442552,0.01984373628205965,-0.013017967445564655,0.008403326077038316,673
-0.021792169296906305,-0.022255493319553492,0.017666977070110248,-6.903088344866454e-4,0.008117849138473705,674
0.03022006681940298,0.004376882204720631,0.009152980093372842,0.015881187623023884,-9.987549308177839e-5,675
0.013802195103868351,-0.017767870800598135,-0.016627471344820097,-0.019115646360595026,0.0022352299514532973,676
0.017921744358471818,-0.018234549071583155,-0.01639627189914082,-0.013612096963655791,0.007112250498831112,677
-0.019293967213323496,0.018029168768936444,-0.01348418986401739,-0.006034954579632464,-0.012180350661469682,678
-0.029169402116838675,-0.002254785199093281,-0.014243903273133419,0.016056707716400033,-0.0045730360848600885,679
0.01950128711720322,-0.017236857616174543,-0.014104697345800974,-0.00786209259554496,0.012197065886008523,680
-0.019442263068051725,0.01917933206285265,-0.01631364428908775,-0.004259760218820711,0.010706353396790116,681
0.02300618338213308,-0.01314230448005381,-0.007833818256511199,0.002252090634990185,0.01700382731417813,682
0.02623274442077466,0.00738501973353668,0.010286448565468627,0.011322396775240736,-0.012321678484133087,683
-0.019529692535669527,-0.022780736394251145,0.021659163700186883,-0.008181457521379037,-0.0022108193531053346,684
-0.028480229587221264,-0.018099502897435466,0.006048761052135817,0.01185712495119208,-0.006663413890644405,685
-0.02278371884344706,-0.02193655632918251,0.01683890570272036,-0.0011273147698007717,-0.009002362285099694,686
0.03282258950736163,-0.014155262816297145,-0.00976399177832527,0.0053082899889570975,0.0011573455383638116,687
-0.023187433009134013,-0.02358714220455918,0.019296274060049478,-8.946328570361362e-5,0.0019816958335070445,688
-0.026516633573386735,-0.006527773680921439,-0.011494492538712932,0.018865070655570335,6.401319734362483e-4,689
0.03142166248381505,-0.015739120683603912,-0.011923124628772572,0.0018489975690578757,-0.004294761556525196,690
0.031252187605439456,0.0023651211711659148,0.007220329056754363,0.015478104373845118,0.0018744833832546309,691
0.02341998199562817,-0.012245558266632761,-0.0067858850343268965,0.003212364850207811,0.017138406582089746,692
-0.023803441661599156,-0.007866024288515381,-0.00940686292079112,0.017218782894132683,0.007305978085045104,693
0.005592120960970869,0.029481890595130213,0.013103401971844758,-0.007929568154576653,-0.006029446132187919,694
-0.02277323472410882,0.0011140646069581618,-0.016530716710634025,0.011003640652670055,0.013346347799212798,695
0.0034296475071977778,0.028087972490191224,0.009955714367713133,-0.006739652684056451,0.012062215979510158,696
-0.009963960008901098,0.026762488399569507,-0.003930816828185864,-0.011909342991322049,0.011299239082961826,697
0.016468283359414033,0.019624707593347043,0.019315008842774588,0.0062497463323227705,-0.002210462415986797,698
-0.018145958169075854,0.019291731609854583,-0.012219211914994785,-0.007346812009772194,-0.012189727582648505,699
0.03307114945860249,-0.005178905663208999,2.4904500771701744e-4,0.012612341669040527,0.002683222735433507,700
-0.021960959134764185,-0.02250135683177318,0.01868637832410083,-0.003120249543902628,-0.007402007454663115,701
0.021489819156411762,-0.0035504367510593585,0.003332196521335957,0.01056408869256196,0.017742201884700635,702
0.01382065913581443,0.02214545405641443,0.01363554066054087,-3.8225728358651185e-4,-0.01395217494702068,703
0.02736581190547783,0.009833774674155249,0.013143885680565138,0.014729692626920043,-0.001882473033933956,704
0.031128206817729143,-0.0010406460434955354,0.0038292924916762386,0.01195430522753405,-0.009472793164630592,705
0.021136327342709794,0.016711827289326495,0.015592727423986059,0.008205033036860546,-0.010465226320075812,706
0.02453852995747993,-0.0027409529898961746,0.0035729829469845413,0.01199671304083558,0.014901441282008909,707
-0.006039206843127664,0.028023415974782983,3.0156879634103033e-4,-0.010391625381045717,0.012769853696288578,708
0.01526238248272659,0.02052755111760067,0.01369587489005101,0.001132389163863027,-0.01455154679138016,709
-0.02540674284129338,-0.02088643407168839,0.012842543770101219,0.004555968380873001,-0.010229113071860958,710
1.2280945903239853e-4,0.031126126810518247,0.00919673132333716,-0.011748494509423222,0.0032551060107060834,711
-0.02602087437011113,0.010524139443117003,-0.020810400244637678,0.006814973016887299,-0.002588059029253222,712
-0.0218040319062253,-0.024024381171046688,0.021764400784066266,-0.003990627408011828,0.00131118210008491,713
0.028789925479715348,0.003703587004625085,0.007284468396316706,0.013757488363431524,0.00965306545095643,714
-0.016051964276073773,-0.02048844666735056,0.020757519566452172,-0.014194910729203434,0.0018022043120933166,715
-0.026629399792487598,0.008063744328874797,-0.01692517465212609,0.0056675217079786115,-0.010703128000126216,716
-0.019049465778764218,-0.021032654580492634,0.01775007279485327,-0.004238169985308297,0.010304362135816661,717
-0.022757559572466626,-0.022458696978282826,0.01717175126475739,0.0010283272808627342,0.006811787175996073,718
-0.026478849951821124,0.009177161702564874,-0.02058581438452628,0.007950678663270932,-0.002859790279940482,719
-0.017146680336399288,-0.02110713436308358,0.02065607681284838,-0.011758365055538782,-0.0025869505368034196,720
0.0010005378641302152,0.031240093427261344,0.010198288199552541,-0.011477630081247891,0.0016417874979357428,721
0.028154893941213573,-0.019317683362822108,-0.016944965123704272,-0.005196712488801606,9.365734734573391e-4,722
-0.004120098594034841,0.03196840571980193,0.003463317072099093,-0.012106034281854007,-0.005857016954138112,723
0.030169022691335725,6.095766692838478e-4,0.0057234766288647215,0.013272044715171526,-0.008802447251283863,724
-0.025112774429413277,-0.02167342932859468,0.013821518960746912,0.006473271993563977,0.0013277981862905245,725
0.011056277224914675,0.027002654201537624,0.01664126421553456,-6.483931755842072e-4,0.006432056939209214,726
-0.021268837300695013,-0.023734113526679142,0.021885636603142897,-0.005599343203793236,-0.0015040611867976408,727
0.02557100852809087,0.0118324088068212,0.014699598083612703,0.013819516792842039,2.1644644643018266e-4,728
0.02470358626077312,-0.015059921042976125,-0.010419233998801892,8.519493872584836e-4,0.014081173302241911,729
0.03287249642949312,-0.015091331972208388,-0.011059370960555818,0.003948480913591091,0.0023251177651741244,730
0.03115133385499369,-0.0013820953620048756,0.004680924113678619,0.015479463066532565,5.8157191665607e-4,731
-0.025493168005105205,0.016545460037947043,-0.017816951723689772,9.988603425909568e-4,-0.008699036182494948,732
-0.0015258544798403895,0.031357846867238234,0.0069362528453498756,-0.01161089102012112,0.005422712503033864,733
0.025147028056928,0.006932879674941725,0.008866016853925119,0.007789225634325352,-0.016076532490381816,734
-0.02248409313344434,0.017069322186255315,-0.01959348863469529,7.332051583949808e-5,0.008585987336965242,735
-0.017191291174808294,0.019149706042327932,-0.013956592598988422,-0.006574576211025731,0.012824369653878379,736
0.02130101469942675,-0.01756370413123937,-0.014456795620908746,-0.006841634612341274,0.011271441793795182,737
0.02183586825280223,0.013012037673428583,0.012417741663622688,0.009610815729661272,0.01422077780088539,738
-0.023694519643112835,0.019893108414191205,-0.01806599425151611,-0.002315023763646596,-0.004177428021368332,739
0.01075748032997536,0.021969980448546398,0.012220300314794973,-0.0019540627110588254,-0.01625082684008421,740
0.011754417436714178,0.025981218644754292,0.017021317696154212,3.7548271022324584e-4,0.006980757270858912,741
0.02863654754288883,-0.007610570961701943,-0.00154373215420519,0.01096326361415858,0.010440815023185186,742
-0.02312131542592952,0.015304681303071305,-0.020192379751228437,0.0019577940955632514,0.009146708084517447,743
0.015216223696666004,-0.018261436339219287,-0.017134060773023235,-0.01843382670422195,-7.728488529234729e-4,744
0.02313166521998744,-0.019406393193647793,-0.01767562268797103,-0.01111968291198701,-0.0048925246234274,745
0.02825233680560833,-0.015517987922077293,-0.011679191732377962,-6.086561338328716e-4,-0.009692459142977734,746
-0.017976278043917295,0.018653681264057437,-0.014957758425665537,-0.005812914620959913,0.012344936901446788,747
-0.0034545272849416607,0.031534543186761736,0.004529991944282914,-0.011440731247664563,0.006604268601309432,748
0.0028030917839277133,0.025250743877549095,0.007952434841855073,-0.008462610678400692,-0.014843980839011497,749
0.0016508289985932233,0.028841837078283007,0.0078079909987375734,-0.006976308765081622,0.012743448376037332,750
