TriMAP2,TriMAP1
-2.514568,19.114912
-44.46726,9.648311
40.487766,-39.368473
30.20589,-9.316192
26.292917,10.525146
33.436413,9.445369
-10.854559,-20.11485
33.567093,-10.265505
22.75798,10.84097
-48.934032,13.010641
-7.7184644,8.298977
-8.466556,8.950794
11.518552,-3.8632467
10.5217285,-1.7582841
-31.402084,-16.536827
29.356928,36.927338
-38.413467,-23.628914
15.314746,4.4254665
-3.8233,7.07866
-13.867258,-33.655796
27.511187,33.022995
-43.101013,-27.345898
-18.61591,-10.046478
-1.9669982,33.50643
-15.479994,-4.116462
29.170498,-32.038445
11.57519,-4.1214094
21.154253,22.175537
11.766012,-5.757045
15.439953,-19.220478
-3.596603,3.9801314
-2.0033402,27.547974
-4.226882,5.836156
6.359503,8.322257
-41.71261,-26.55561
0.6012112,4.860177
-1.3532356,34.692738
-19.163143,-9.0020685
-39.28435,-24.402435
-22.274757,1.1373216
-3.5991552,6.5676365
-23.906828,1.7121747
-42.862988,-27.195719
-18.781456,-9.841693
11.265595,11.388261
-42.798355,-27.133228
-10.558122,-12.506769
-6.503344,2.0042033
-1.7359284,33.273952
22.011679,11.136839
-28.006989,-13.854823
-3.6736403,8.924476
-42.030678,-26.629553
-10.374034,-14.29836
15.556816,4.9317265
15.979343,-20.149168
-49.29475,13.512312
15.544238,4.6623273
-31.359173,4.387644
19.165073,-6.0302258
-6.13037,6.9214983
-22.149153,37.926006
40.325985,-39.339813
-2.6960316,17.060915
-45.73538,10.737018
-29.498852,-15.025837
-38.259743,6.865572
1.9997946,5.7751493
-13.899723,16.410044
26.147158,31.219282
-2.5511944,19.015785
-13.897601,-33.8306
-14.987886,-36.844585
-1.7048196,33.318935
-13.447918,-30.845224
16.706816,7.2854023
29.771713,38.062485
27.852262,-32.181828
-19.200165,28.698921
-22.0638,37.912025
31.267412,-9.665949
18.753433,-5.8708754
-8.548781,0.019684013
-2.2854216,23.9734
14.815907,-4.936575
-11.842448,-5.458647
-15.080029,-37.050323
-19.035223,28.705168
-33.096962,-18.136368
-17.934149,25.30267
-14.919432,-36.501915
-16.949852,23.138556
18.884083,-24.082718
-39.86832,-24.918072
-12.168936,-27.226185
17.211355,-21.931618
-42.918846,-27.25406
-13.472791,-3.3615358
-19.598497,29.69277
27.56867,33.21552
-21.908916,39.52473
19.81255,11.502331999999999
-16.670782,22.302698
-3.3316648,7.7925386
-39.23975,7.3312984
25.199291,29.728102
-2.6859803,16.77365
-3.1849186,11.562111
-24.677618,1.9138691
11.464216,-1.1865137
-2.3831275,19.583872
-17.278008,-1.5027359
4.569478,7.1707373
26.944365,-8.401462
-13.613636,-32.56209
-11.29757,-22.424192
40.88431,-39.47656
-13.7912245,-32.97604
-21.907665,39.453495
-10.8928795,-8.106458
5.9126625,8.118476
-14.696535,-36.18114
29.289051,10.184496
-16.004774,20.615963
27.898876,10.256113
12.264723,-11.918048
6.1890407,-0.8102945
-22.818953,-10.345194
20.836243,21.461092
23.254091,26.325779
17.692,10.90191
-40.704426,-25.645239
15.525906,-19.389988
-20.42456,31.94709
-1.1042004,35.305176
20.907295,21.447956
19.3505,-24.035631
-45.05475,-28.559406
-41.517693,-26.21344
-14.382219,17.40169
-21.594873,0.9382368
19.137115,16.27737
35.546207,-10.533007
29.990181,-9.290118
-2.1416576,25.838524
-18.12153,25.644333
-2.3809412,23.390924
20.470295,20.419292
13.51101,1.4434085
29.012789,10.0776005
13.453103,-14.569878
-3.530275,9.741546
44.454056,-11.764622
25.036943,-7.987813
-10.912248,-9.814878
-2.2063732,23.909431
16.9506,-21.551529
18.274271,10.179482
-45.818333,-28.96641
-19.203028,-7.9553714
-1.8819379,33.8393
-18.156742,26.041996
30.378168,9.752066
-2.3312705,24.962418
-2.6225145,17.483324
-35.547123,-20.851254
36.210114,-10.658696
13.535802,1.7704352
-20.697468,32.827045
-41.334312,-26.098299
11.846915,-6.2555194
-14.00559,16.488825
12.159545,11.517648
-21.909191,-9.875705
29.066992,-33.745537
11.302167,-5.334467
-11.102027,-21.100315
-10.873497,11.495732
-10.506652,-18.522797
29.710781,10.06217
-12.218076,-25.676058
35.289825,-37.781807
-48.725857,12.708073
-2.2938762,24.906013
-14.587101,18.02159
-1.8388457,29.824455
20.067867,-25.200054
16.550104,-21.243498
-28.684975,-14.367676
29.530655,37.170353
-45.15663,-28.629988
-15.302036,-4.1061287
4.8829365,0.17712826
-10.445275,-12.741116
31.414326,9.45323
-10.416496,-13.402874
-42.281063,-26.786226
7.7989,-1.5638838
-11.966367,-24.538935
-18.53074,26.763367
46.41522,-12.414098
-2.9534698,14.651895
34.18679,-36.89915
16.040987,-5.06909
19.182718,-5.9720783
-42.827347,9.46737
-34.16164,-19.265057
-16.9808,22.990957
18.461395,-5.8058796
-2.4537761,19.239885
11.80254,-8.546971
-11.352957,-6.88175
24.521791,28.564308
-36.453285,6.1342244
-7.7595906,1.036894
-18.786318,-9.508664
27.96933,10.228236
3.804091,6.6287503
-49.08614,13.332136
35.62035,-37.61482
44.128044,-11.783594
-10.349127,-13.4609
-32.764378,4.7087097
35.440163,-37.51278
-19.194792,27.341364
26.291958,31.387346
32.85862,-35.94512
4.709753,-0.11054956
-20.68904,-9.027734
29.76076,-33.475784
-26.36873,-12.645389
24.542496,-7.7040505
-16.419136,-1.9290409
-21.94542,39.449577
26.85272,-8.486997
18.040636,-23.602806
16.787273,7.957087
32.128094,-35.2927
35.74552,-10.648724
27.868261,-32.32672
-14.2056055,-3.3087068
-2.442187,21.891151
-42.99669,-27.284681
-8.719773,9.20582
-8.336136,8.646564
21.958199,23.949245
10.456585,-2.6996934
-34.243477,-19.337223
-42.460136,-26.896393
34.7654,-10.44822
-2.177213,21.498693
-49.2499,13.136475
-1.8881574,29.044552
29.947237,38.392616
-33.08343,-18.223858
13.393727,1.3948996
-34.542614,-19.755808
-3.1184244,13.69622
-3.9369254,2.881178
-19.575926,29.683495
40.40636,-39.366463
-7.5346584,1.3252673
-2.319367,20.555563
-36.14484,6.0194
45.211308,-12.101008
37.8069,-11.135276
21.542923,-26.737686
-18.486536,-6.861824
22.817905,25.786627
27.094582,-31.825369
31.19694,-34.924152
6.7500377,8.317941
19.961538,18.800528
-0.6809626,4.2781405
30.349436,9.979138
28.774412,-32.19012
-13.337177,-29.794735
33.03877,-10.065543
-32.737637,-17.903805
-22.306988,1.1104134
3.361572,6.517597
-9.899465,-0.6777728
11.826338,-7.3903604
18.190746,-5.7876062
-36.07287,-21.356277
40.379562,-39.32911
-40.108532,7.7701306
-43.47425,-27.602772
-2.2773428,23.087133
26.911364,10.390957
-11.896824,-24.427155
-22.392973,37.755627
21.032082,11.412225
12.011937,-5.6760826
18.79306,15.050391
0.7869968,5.12301
-10.439036,-13.975851
-11.658639,12.372038
-13.538499,-30.211105
-11.1338415,-1.4886489999999999
37.395775,-10.909366
-14.547503,-35.68763
-30.024559,3.687362
25.259493,10.593879
20.176346,19.283998
-11.997207,-29.295654
19.335491,-23.604727
-48.299137,13.020729
-25.489925,-12.025478
23.003855,-7.26718
-21.994318,37.475636
-12.98433,-28.488007
17.76536,11.786533
-24.663364,-11.445421
-2.3371925,4.42368
-23.973343,1.7725043
6.9405947,8.690925
28.670485,-9.004163
-20.361967,-8.839562
-29.616615,3.58702
-20.331633,-8.977438
-17.045527,23.25463
16.876766,-21.545673
29.647038,37.51621
-1.1741939,35.2138
-18.588737,-10.07813
-21.753166,36.98261
-23.403778,-10.939717
-33.893036,-18.969292
13.277814,-13.806913
-29.214724,3.476455
-16.32005,-3.0677087
-12.493464,-26.308128
-10.44472,-17.858665
27.811802,33.57636
-40.73115,7.576994
35.26689,-37.58795
23.105602,25.965054
-23.984844,-11.018866
-10.903303,-20.173748
15.175625,-5.154091
-37.472263,6.5473337
12.277631,-11.635901
30.173748,9.70782
-2.2450285,25.916079
-14.632123,17.584839
-43.93358,9.776067
-24.148254,-11.083585
29.801971,-33.570496
6.514783,8.507446
-29.84246,3.6461513
-2.633581,17.452543
15.452155,4.9071646
11.783337,-8.555229
-1.9705249,20.868912
-16.878124,-5.1199875
-1.6478763,31.956564
35.08557,-37.27525
-2.0354764,33.83046
-3.0913842,21.081434
35.498985,-37.6076
-2.4389858,20.85274
-18.305372,25.900778
-2.0386026,34.01792
26.165066,-31.195673
10.303723,11.330081
-0.32478482,5.158265
-32.61623,-17.771759
-20.918484,33.90439
-43.869038,9.252038
-11.124412,-21.432783
44.386093,-11.910805
-10.543596,-13.376103
-10.462917,-12.882049
-3.3822727,11.642337
-1.9375731,26.712084
31.62669,9.873073
25.681952,30.532082
-19.032043,28.360416
-30.031832,3.687088
23.060299,25.988394
40.09343,-39.290028
-28.795753,-14.393875
18.790434,15.537143
-8.41753,8.915632
11.824048,-8.75799
-17.16559,-3.8692603
14.934685,3.7548232
18.832905,-24.123238
-10.379285,-14.136288
24.695948,-7.7065434
-21.57328,36.019863
12.747605,-12.15846
-40.595257,-25.520906
-32.170166,-17.290674
31.834234,-9.802975
20.848986,21.397295
-18.909025,-0.6772685
-1.1206331,35.409336
-10.984666,-20.63015
16.877438,8.383547
23.045553,25.93576
-10.387971,-17.171494
-20.523293,32.53453
-2.2877886,21.660189
-5.803513,2.6812847
-8.375422,0.40754762
-10.90368,-20.619541
-1.7199087,34.065773
12.658889,-12.603279
25.004692,29.336647
11.693483,11.472904
8.335808,-2.1360035
27.106665,32.920773
14.19344,2.3684635
21.905968,23.586689
-0.16949177,4.851725
22.492752,-27.658182
12.942315,-4.773146
-39.29625,-24.457474
17.441391,-22.2638
-6.540786,7.2520266
-33.593647,4.963771
33.897972,-10.29205
26.945452,32.416225
7.179414,8.609186
-36.79997,6.243548
-1.800576,32.554985
-39.496723,-24.615757
-32.91103,4.679638
-45.995705,-29.14107
19.559093,17.802109
11.070626,10.95717
-21.244596,34.804596
-10.310707,-15.481325
-1.5807511,34.31055
-18.513186,26.536192
33.049885,-10.031922
-41.243904,-26.038836
-2.702639,16.714304
22.685524,25.455502
-42.447674,7.958651
16.826824,-21.425009
-11.476999,-23.067282
-12.063821,-5.427283
-2.266891,24.826687
30.622585,9.448668
-10.430464,-18.16334
-49.180763,12.986762
-17.241096,23.956015
-47.626026,12.368335
43.046898,-11.664597
-1.9045515,34.35159
-13.256102,-4.2747874
-34.446335,5.3466864
-28.892923,-14.53366
-11.273333,-1.4540117
-1.0768675,35.824886
36.0743,-10.670539
30.146204,38.97072
28.470522,-8.868753
29.556463,10.148037
-48.517384,12.495851
-36.23127,6.083438
-32.58709,4.61241
12.928931,-12.910887
39.236576,-11.146995
-43.781925,9.365386
-2.8036604,15.942456
-12.504938,14.0126295
-12.191206,-25.867186
24.4233,28.345682
-11.541486,-23.273079
-8.850393,9.317134
-35.828426,5.9051967
34.898865,-37.42296
27.760859,10.250295
-35.55446,-20.912855
-12.660046,14.179155
-11.516645,-23.167553
31.665276,9.466993
-11.197209,11.9662
-48.428565999999996,13.158038
11.737998,-6.4335046
29.169344,36.63361
-21.901287,39.355206
-46.809258,11.453045
-10.369532,-14.555207
-18.776012,27.945778
-12.380962,-26.374743
-20.023045,30.984642
40.8918,-11.3623085
-14.212252,17.018055
-35.36941,-20.632528
-21.852924,36.998405
-12.271476,13.22016
-32.08361,4.4980907
18.428122,-23.522873
42.626682,-11.614169
-0.95729494,35.69291
-0.8635748,3.601415
-14.386831,17.15586
32.062706,-35.273724
39.39241,-38.987095
-14.376467,-3.4818227
-13.633426,-30.256042
16.79022,9.050268
22.390568,-6.9586606
23.011175,-7.1292
-1.6862376,3.778022
-11.546923,-23.076445
-8.186655,0.73404896
-42.70235,9.004479
-35.313736,5.744764
12.382136,-11.414092
25.580915,-8.238671
-19.21379,-9.275388
26.520344,31.790966
-1.7462548,30.81855
20.175312,11.451476
-23.448128,-10.54304
34.942894,-37.033344
-32.478054,4.6257577
-49.126617,12.921988
13.023032,-13.51137
-4.075088,7.1606007
-1.708532,31.434692
14.215057,-16.506548
27.480621,33.22039
14.466099,-5.133747
11.624373,-7.3070025
40.29426,-39.31272
-25.181149,-11.843547
-21.638653,36.142937
6.5367684,-0.6255938
12.203092,-10.519152
-10.677714,-11.172517
-20.595524,-9.099506
26.768969,-31.39433
-37.696133,-22.967932
26.625393,-31.6942
23.590704,-7.3868566
-1.585963,3.5564027
-20.497372,32.457638
-21.887932,39.368107
21.88163,11.059692
-25.550797,2.2952237
15.689161,-19.674301
29.77456,-9.265196
12.437347,-0.33488035
-1.7572472,30.497208
30.23509,9.948053
11.59777,-8.27113
-23.412483,-10.742313
36.77721,-10.870458
-13.609956,-32.906105
13.510493,1.359908
-1.2374749,34.971565
39.672188,-39.13203
22.8288,10.981536
-35.551357,-20.86271
-11.208095,-22.006407
-17.930996,25.259163
-12.066886,12.815504
25.61463,-8.393999
-19.349735,-7.8362813
17.941355,-22.757174
22.62468,25.307055
-0.36297557,4.665632
-2.1916878,24.54761
16.621227,7.280996
21.728903,-26.922234
31.927147,9.923971
26.775166,-31.500195
-43.64017,-27.686583
46.13481,-12.371412
17.017424,8.24188
7.081045,8.930191
18.08409,-22.945902
15.248707,-18.7811
-47.547756,12.2974
29.123835,-9.084437
-11.831938,-24.17701
-11.397044,-6.0556855
16.159946,-5.5458865
-21.929996,0.97677046
-12.383632,-2.7722254
42.35864,-11.576349
-2.0253475,26.458279
-11.455292,-22.541508
3.3914895,0.38611585
12.98323,-4.393343
16.250534,-20.53418
17.245846,9.428479
-10.772269,-11.062854
10.772663,10.799679
26.63866,10.43972
-13.921742,-33.52341
16.64746,-21.248951
24.901598,-30.26662
-18.191864,-10.940744
-14.916828,-36.779987
-0.036484066,4.87501
16.095392,6.173382
-1.9717187,27.045975
36.642403,-10.847798
-6.6253314,7.4291453
-2.4082072,19.931095
36.40546,-37.6496
18.637653,-23.563345
-17.250017,23.839104
-15.7734785,-2.6435611
36.24371,-10.798277
24.988552,-7.8903856
-16.93148,-1.7620631
-13.276682,15.158784
25.692137,30.549519
-45.00207,10.118199
7.0175853,8.823742
-48.459503,13.017692
-2.760097,16.149744
17.547602,10.7746525
-44.57178,-28.247795
-22.835629,-10.05717
34.974342,-10.420466
-13.921987,-33.774334
-14.2664795,-34.915894
-2.0275307,26.599102
-39.84839,7.436156
-18.53299,-10.020039
-15.776322,-3.1505003
-1.5791227,32.68919
16.870733,-21.60096
-9.496049,-0.29268995
-3.452069,10.3185215
31.88614,-9.786263
12.626974,-12.17715
9.722883,10.653909
28.940178,10.0849495
18.46805,14.510819
-13.038969,-28.988283
7.153938,-1.6588018
-9.277398,9.805872
25.0534,-30.304571
-42.80472,-27.165667
11.9999075,-5.422648
-44.025898,-27.86651
-1.6736403,32.84336
-13.835589,-3.8921418
-42.29678,8.314581
-11.082098,-21.380556
-27.91974,-13.786516
-10.453039,-17.80424
-42.549526,8.409333
-18.912968,-9.749358
-1.93049,29.140203
-2.2816243,24.670713
19.423983,17.550701
42.248085,-11.550942
-14.863283,17.995182
30.693264,-9.450286
-34.13048,5.2260485
1.0576296,2.1676605
17.77959,10.638544
-11.024908,-20.655865
-12.723647,-4.635765
11.491717,11.406462
29.363276,36.95886
-27.757654,-13.736003
32.208195,10.346517
12.950626,-12.734174
-37.86144,6.747561
27.750925,33.493904
-24.689564,-11.40471
-31.873678,-16.935835
22.85804,-7.285609
-1.7935911,30.168283
-17.17641,23.60907
43.187977,-11.691413
33.32474,-36.080063
28.127882,34.272686
-14.246728,16.996265
-20.088476,0.23408239
-2.3685963,20.858715
15.599663,5.0428324
-2.2620077,21.244299
-38.82842,-24.02277
-14.922146,18.452772
-28.296988,-14.043066
22.098988,-27.305931
20.152782,19.142395
-18.84882,28.490915
25.259548,29.81573
40.310307,-39.432716
-12.575509,-30.8344
-21.72817,36.5932
13.69967,1.6585562
13.267987,-13.575591
-31.285826,4.3116584
-21.627617,36.952576
17.85365,11.501986
26.443645,31.728567
-16.500963,22.058088
-10.814195,-10.471664
44.253807,-11.828673
-2.099789,20.717167
-29.69854,-15.184211
-21.87302,-9.569595
-10.897853,-8.94869
25.056784,-7.687042
17.849781,11.659542
21.824162,23.555906
-20.152351,30.854305
-1.7713617,30.473398
-3.7400072,7.123377
-2.1450076,24.993238
33.617435,-36.25598
-19.378433,29.333862
-15.21488,19.046701
-10.377345,-14.0909
-29.821926,3.597941
-17.035856,23.267008
24.527643,28.515152
14.272288,-5.0610356
29.377258,10.154836
20.476805,11.362148
4.0768633,0.15266193
-11.754693,-5.767246
-30.705965,-15.943068
3.5099423,6.483897
15.947407,-19.928078
-25.891747,2.4328256
-37.653843,-22.828917
-21.310572,34.961887
1.0262352,5.18131
-12.928192,-28.67043
30.054993,-9.3900795
42.31953,-11.53605
-2.278596,24.11024
-14.272203,-33.962498
45.63356,-12.314365
-41.04749,7.6730566
12.1064415,-1.1012632
-10.336708,-16.970606
-4.265319,4.8002963
-10.5846615,-19.038313
6.500266,8.475072
-29.634167,3.7111473
-44.58751,-28.291254
-42.257034,8.250906
-11.794483,-24.092983
-10.64965,-11.969211
-36.247265,-21.530167
-14.823576,17.790802
-2.0994916,26.670425
-0.7991982,4.6274505
-39.903454,7.3532305
11.462876,-3.8022354
-34.81072,-20.13382
14.013724,2.1188903
23.498877,-7.400811
-18.563679,-10.267544
-19.585846,29.848675
-15.390261,-37.633217
25.149942,29.555601
-10.608077,-19.363651
26.766273,-31.432327
40.146683,-11.215115
25.366457,30.06324
-42.06438,9.292757
-2.2460124,20.585974
-49.044266,13.266628
-37.566326,-22.839548
27.072617,10.418361
-13.209512,-28.977749
21.674967,23.217638
28.57655,-32.634296
19.56642,11.595299
-12.11272,-25.545473
-1.1798936,34.974663
18.556803,-23.277693
-12.188912,-25.970259
19.976818,-25.2394
41.26456,-11.464737
-43.924496,-27.774296
-18.39873,-10.348928
29.745241,37.91689
31.852484,9.915951
21.803843,23.545616
-19.229416,-8.6953335
-2.5170138,4.0014997
30.352386,-33.986027
-1.7647291,34.269665
-28.797253,-14.504151
-14.9147005,18.218409
-36.881393,-22.208498
39.737576,-39.18472
-20.949732,33.86991
-18.594454,-6.5284567
2.2378902,5.9565706
10.257502,11.277514
-32.678577,4.6479616
11.076677,11.241483
18.02808,11.367884
-10.419906,-17.901438
-37.121605,-22.463888
40.20691,-39.30152
29.368368,10.195741
-13.046614,-28.593712
-14.016765,-34.207424
15.417641,-19.043716
-18.821186,-9.833384
-19.040375,28.507488
-8.4291725,0.47720084
29.008448,-33.140892
-17.943636,25.337902
-36.44581,-21.806433
4.953736,-0.31030682
-32.5357,-17.594696
28.431902,34.74423
-17.899664,25.173113
-39.27948,-24.389637
-10.34299,-14.722528
-43.330925,9.942458
-11.129496,11.663583
22.564775,10.916753
-2.8186092,4.0657506
28.691551,-32.755814
-40.461338,-25.391115
39.74956,-11.198285
34.30948,9.286408
18.947645,-24.151527
-36.69811,6.2367024
-46.14256,-29.229755
-10.40707,-17.53055
-32.230408,-17.213293
33.407307,-10.1245365
-11.551423,-23.37024
32.2976,9.484163
-15.565326,19.47123
30.071016,38.820858
13.060775,0.7355581
12.920098,-13.5404415
-12.452639,-3.6509056
-21.389597,-9.21576
-3.5494926,10.195597
-44.674084,-28.337202
-12.243402,-5.617578
-21.914661,39.462696
-21.089886,38.19401
27.932898,33.770332
-34.399677,5.3229585
-25.481218,2.2699316
-3.5491736,8.292939
29.820963,9.970211
24.293306,-29.3496
-18.4539,26.311749
-21.910872,39.390602
-7.631098,8.143769
-1.6601056,32.524036
16.48196,7.2044954
-2.7656264,16.352785
-34.66695,5.4795766
12.934189,-12.461272
-49.42273,13.547619
-2.2358477,23.018063
-2.4722352,22.046366
28.767689,-32.261303
-1.8891605,29.490702
40.25551,-39.30869
-21.88196,-9.779825
12.2956295,-11.589166
17.165009,8.68627
5.584702,-0.6877881
-19.832817,-8.182148
12.340339,-4.9610324
-3.4183917,9.849455
-21.19928,34.843163
-7.6684246,8.169155
-48.30159,13.12549
-10.938002,-19.856367
-10.635862,-11.110295
11.686029,-4.1319666
24.793373,29.221897
-1.6207627,32.132298
18.062716000000002,11.878447
-13.889207,-29.662905
18.798008,-5.975641
-20.69743,-9.218237
-2.2891133,22.669237
5.3188457,7.740973
28.366339,-8.88264
-36.58707,6.1874876
3.8798113,6.7909045
29.502861,-9.159598
14.433735,2.718715
-33.206394,-18.355793
-2.6319723,16.082691
-10.783668,-10.703789
18.482203,-23.674065
5.052516,7.566287
11.758346,-7.996855
17.193209,8.670525
3.9920123,6.8248224
-28.614542,-14.255735
-10.917882,-20.393255
-37.2137,6.463351
-13.507842,-31.13772
29.154552,36.441032
-1.8802497,3.6900098
-27.69832,-13.7149105
-21.952543,39.455093
-32.18644,-17.164812
-2.3605058,24.724073
-2.7792418,16.169313
17.076609,-5.642563
-11.896681,-5.9306607
-2.070678,22.672676
9.586969,10.553575
-48.763676,13.112583
-22.155407,37.900772
22.396538,24.819284
-42.19121,-26.807676
46.080982,-12.372792
-3.6318536,8.658729
12.021978,-4.9423623
44.075066,-11.716901
-35.248405,5.6677685
31.598358,-35.130455
29.315153,10.059367
16.036638,5.877604
11.625174,-3.429853
-18.229391,-10.821721
44.233566,-11.771243
-24.944864,-11.697853
35.846294,-10.589126
33.23648,-10.0947275
-2.4067004,19.774757
27.142254,32.779465
-3.475822,11.629519
30.348537,10.095892
-31.446135,-16.5854
-12.1991625,-25.39364
-19.648823,-7.99143
-18.3016,-10.84197
-13.461029,-31.813284
34.27746,9.244462
26.3479,-8.258871
18.151379,-22.935076
-2.5692587,4.5179977
-13.481002,-30.144129
-45.626072,-28.913239
13.384252,-5.3033853
-10.738936,-19.585257
-9.243567,9.6397099999999991
26.393017,31.673073
-34.17859,-19.3393
27.829369,33.52778
-1.9196395,27.997406
22.557606,10.952828
-20.34413,31.575472
46.40741,-12.413176
-29.630272,3.6294253
31.073278,9.92373
35.7007,-37.03771
11.758812,-8.281495
-1.0911293,35.269615
20.03868,-25.153433
-39.45686,7.684038
-1.7760162,30.63378
12.9427395,-13.429123
-14.648463,17.771698
25.451153,30.06969
-43.41927,9.326412
27.249554,10.320196
-13.014934,-3.444755
19.48915,17.612782
-2.5083227,19.830652
6.8634067,8.755907
-25.428144,-12.0354595
15.036377,-18.582159
17.720741,11.312608000000001
-34.734814,5.4002957
12.531143,-4.671012
-32.045998,-17.179064
-32.723022,-17.947157
-20.000338,30.87901
11.728909,-7.87887
-15.397181,-37.655827
-34.013813,-19.096634
32.653603,-35.697533
26.502457,-31.46903
-2.0827522,26.05949
13.037225,-13.69733
-2.1070786,20.569603
-1.7902534,32.088043
31.718105,9.997615
-44.30833,9.69637
-1.8468863,29.892397
-38.561268,6.984279
-10.376857,-17.142698
-15.159821,18.382930000000002
-2.1885495,25.324978
-10.260626,-14.105623
12.983495,-12.395581
4.8984056,7.427976
-2.8817766,15.274814
20.168146,-25.189442
28.01205,-8.830357
27.062595,-31.783697
-38.17162,6.8422575
-42.95005,-27.287298
32.219196,9.908961
26.798717,10.470372
-2.8065252,15.6782055
21.46529,-26.636854
-2.3442159,20.255854
-10.344673,-14.132945
30.254408,39.25761
26.69954,-31.429182
21.389273,-26.556366
-35.03271,-20.28461
23.823343,-7.5153065
19.468946,-24.519884
-18.566782,-10.255738
16.601274,7.213825
-47.106335,11.721331
32.02339,-35.278522
18.823957,15.198879
22.43823,-6.9415903
-33.911026,-19.049425
-13.643566,-32.390366
11.293717,11.264103
25.453821,10.541618
17.504948,-22.312206
-47.911327,12.745174
41.33565,-11.407646
-10.920547,-20.379803
-10.406767,-15.71942
-13.6069975,-30.271992
4.408701,-0.05696358
-15.274843,-37.42458
-48.36819,12.8631935
-19.273026,29.048853
23.565575,10.869085
-26.703848,2.8225572
0.21044044,4.7456665
-23.427477,1.5674832
-22.057367,37.705006
35.944942,-37.259876
46.39355,-12.405805
-6.5396533,7.2859955
-7.8434277,8.225959
-12.033645,12.919381
45.53745,-12.2946615
-1.2706726,34.92881
-24.278862,1.8710889
18.27975,12.759025
-15.374261,-3.1214514
34.14733,9.286787
34.406673,-36.784782
-48.66314,13.0849695
-1.754887,30.388721
15.582588,5.030549
-3.4166174,11.049745
41.448273,-11.43223
25.633488,-8.1831665
32.316746,10.126661
32.25639,-35.457867
13.22994,-13.823516
11.48404,-2.5866656
-13.856052,-3.2110155
-0.82375294,4.400489
-13.804348,16.464262
32.619694,9.416779
40.025837,-39.277477
-15.730753,20.213774
-43.9854,-27.805983
-46.637196,11.502995
-31.353973,-16.528479
27.9238,33.638626
-2.0439458,3.8929205
-18.127884,-0.97405005
-21.224129,-9.335047
11.992902,-10.068091
-13.816632,-33.29377
-39.38617,-24.43571
40.22564,-39.300472
-2.3827455,20.100733
0.96599454,1.9531237
32.40667,-35.42197
36.59008,-10.796904
41.595436,-11.446053
16.722645,-21.267893
-20.196903,-8.474824
-3.8103049,4.7795634
-10.816536,-10.078678
-1.6619952,32.06095
-18.963877,28.238379
-3.3403983,11.342179
34.253983,9.256316
-13.536373,-29.997433
15.093556,-5.057564
34.40184,9.228934
-26.614733,-12.928103
27.445354,33.08111
-2.6318069,5.9400835
11.680636,-7.3020897
-48.47464,12.815447
-9.077906,9.030589
-10.536505,-18.56559
30.030636,38.75268
-47.084797,11.766483
-31.048141,-16.32864
18.240555,11.378246
-16.186016,21.168316
28.50074,34.83785
16.105389,6.2607946
-44.53817,9.739131
-23.683323,1.8215456
40.510624,-39.40223
22.714626,25.291164
-18.858793,-7.2972455
-21.535988,35.696365
40.15164,-39.241974
25.544144,-30.600344
-17.20547,-1.5359844
5.4847903,7.74377
34.29959,9.227927
-2.632568,20.023369
-14.943332,-36.704136
38.147957,-38.528133
19.474155,17.41366
29.812115,37.98928
19.167316,-24.373789
-0.38042617,4.8134255
0.8129655,4.8046703
-2.2023354,24.537943
33.452236,-10.235742
14.397293,-5.1520023
-10.86016,-20.556314
20.229418,-6.4182525
27.637262,33.41543
30.04984,38.88121
-12.279207,-26.305721
-3.9335387,4.833259
-30.786636,-16.029472
34.67911,9.1890250000000009
-10.387124,-15.40271
-46.06161,10.956617
13.089942,-13.570501
-11.471216,-23.102612
44.30145,-11.845251
26.356327,-8.101518
28.254944,34.4269
36.266754,-10.841714
-1.1722682,35.34325
-19.022915,-7.441278
21.1493,22.21445
35.414448,-10.514294
24.494694,28.555332
27.050062,32.613327
26.158342,-7.9657774
-10.388598,-17.395582
-21.24301,-9.06415
13.146133,1.0030781
-10.662048,-19.16902
-18.779926,27.123188
40.645187,-39.41792
-32.90004,-17.87279
42.604473,-11.561424
-22.284006,-9.679278
-2.2175167,23.137838
21.90653,-6.877503
34.300625,9.240252
-15.892593,-2.5622718
-2.0905995,20.949543
33.89371,-10.32345
-15.101902,-36.912052
-5.655381,2.5173392
-1.7546443,34.354557
-21.108116,-9.257984
-48.529728,12.677916
-36.101223,-21.389347
6.7677565,8.660135
13.34622,-14.506983
-32.243687,4.445539
-9.050884,9.453089
-48.455025,13.106972
39.66605,-11.237981
16.341608,-20.765636
-36.716553,-22.038017
-11.106612,-21.021255
31.0052,-34.592712
25.484606,-30.384302
-3.4519594,9.921288
-42.05445,-26.652859
-17.453463,-5.469869
32.70409,-10.015329
-16.914608,-4.8508687
41.45505,-11.378307
32.014534,9.940794
-4.0024557,3.5151975
-2.9259896,14.884632
20.223564,19.741789
31.764385,9.899175
-21.744284,0.962202
-34.97934,-20.204409
-3.527253,9.436307
6.9910016,8.885178
23.480782,-28.639482
-10.325654,-13.797038
-18.475706,-0.8298271
-10.221971,10.791306
27.123507,-31.694607
-13.171296,-29.755375
-11.816507,12.7758875
-38.42689,6.91649
-25.160923,2.1945562
-12.361644,-3.491554
10.794608,-2.7438424
-13.030505,-30.51485
-1.769471,34.337303
-21.740225,37.40492
-1.7316332,33.231224
9.981665,-2.1728327
11.080865,-3.3364224
28.237385,-8.853067
9.738615,-2.8747976
17.12865,-21.861492
-16.28147,-4.3517804
30.003078,38.56898
11.880299,-3.763348
16.630508,-21.084448
-3.6393602,11.215498
32.75524,-9.929163
29.64337,-33.667114
-3.6794164,6.974811
-24.836855,2.039437
11.677296,-3.0831747
23.807772,-7.5005703
-1.6443422,33.60524
-3.5992496,9.554029
-46.985027,11.813775
-43.044956,9.452035
40.261898,-39.345043
-39.761875,7.426027
-47.265556,11.490826
35.412003,-10.563033
31.882353,-35.145996
35.35017,-37.430355
36.45474,-10.8500805
18.331797,-23.272013
-13.284753,-30.289494
28.531906,35.103325
35.11791,-37.92759
-21.384062,35.302635
13.08253,-13.080597
40.02907,-39.243023
-2.0580862,26.518274
40.470985,-11.321172
-1.0312219,5.061668
-36.108044,5.974656
13.084554,-12.326421
-11.16819,-21.805893
26.51087,-8.478417
-48.481262,13.260536
-26.895433,-13.177336
-34.537785,-19.729069
-44.15144,-27.997835
26.671484,31.99843
20.103455,-25.308552
-11.5171,-5.985349
3.3684993,0.37892783
32.78581,-35.836327
11.980896,-5.5764694
25.627556,-8.190344
22.23453,24.331684
-46.947857,11.516977
22.139046,-7.0256104
34.40775,9.241856
10.607743,11.018266
-7.7687926,1.2921231
-15.585487,-4.0137525
22.512793,-6.8562646
-2.0462391,27.230062
-12.180999,-6.5534697
-14.202156,-3.9426146
15.835593,-5.0742974
29.94971,38.413334
-23.66076,-10.721904
10.641191,-2.613796
32.014557,9.6079855
-1.7770753,30.27746
-21.22006,0.6796355
30.41558,-9.45407
15.680432,-19.628853
30.027046,-33.894695
-18.867613,27.886665
29.179216,10.19983
13.681081,-5.12651
-18.339457,26.090803
-20.242266,0.17456287
-10.443909,-17.838947
32.368042,-35.465088
-28.44438,-14.256061
17.000202,8.653471
40.10775,-11.228871
-20.367281,31.777544
-13.470889,-29.684324
-11.819501,-24.027422
30.106535,39.03028
25.360275,30.003302
-24.643806,-11.337634
-20.716911,0.40166458
-18.160288,-10.828764
-27.546276,-13.608566
-8.30009,0.7143399
11.999311,-4.8291755
-3.6931212,7.9225883
-11.964529,-2.6967432
-36.97896,-22.294897
-28.977558,3.4352038
31.543024,9.894797
23.290508,10.86847
-30.278675,-15.628336
-15.613524,-3.785296
-35.96041,-21.24411
30.170013,9.765748
33.189156,-36.060055
19.86506,-25.060009
-44.11274,9.339355
11.7537775,-8.830138
-10.865136,11.613877
-17.36628,24.146643
20.414753,20.094278
-20.992302,34.025806
-19.329927,-9.372006
-34.515305,5.4420652
-38.42416,-23.676893
-18.644554,28.476892
15.57818,5.006248
10.786786,11.359334
-46.02047,11.132343
-3.947206,5.1017127
-20.018063,-8.742675
-35.130123,5.61761
35.20166,-37.619495
37.164806,-10.809402
-25.841124,-12.273029
20.731077,20.922396
28.351475,10.194577
3.3457234,6.4646645
-18.378256,-10.706185
20.975653,21.754475
33.05617,-36.05874
46.480637,-12.432676
-17.38402,24.086948
29.351526,10.028467
-10.79195,-10.152143
35.261097,-37.672832
-17.562521,-5.6572566
-13.793707,16.154497
-3.5045257,10.390386
24.00063,27.500273
-41.02133,-25.921854
18.231016,-23.340292
-37.778957,6.6882234
-29.432358,-15.003039
-45.602512,-28.87762
-18.22818,-10.76545
-9.399052,-0.7319475
-1.5326622,34.447426
-11.85161,-24.1461
-35.523323,5.7617073
-13.656084,-32.197258
-0.1476418,4.8344183
19.522457,-24.574446
-1.6303878,32.964878
-3.410322,6.394833
-2.7319648,16.286678
-12.707055,-26.431847
32.07439,10.143694
26.21575,-31.11967
-10.290293,-16.65387
-0.6682184,2.5709794
35.290627,-10.544449
20.283869,19.748287
-22.940495,-10.324506
-24.99967,2.0707755
17.529282,10.869522
-11.605578,-23.44933
19.402645,17.126812
11.476351,-1.6330818
-13.965342,-33.816444
7.6251564,9.143617
-13.571626,15.910604
40.530663,-39.41656
-1.3947861,34.93308
19.87706,-6.266468
6.770177,8.602142
35.228745,-37.12372
13.678642,1.6397705
-30.442072,-15.869128
45.534084,-12.265388
30.074257,38.794064
-17.187365,23.728575
36.096233,-37.295467
-42.264977,-26.865812
-34.54618,-19.784697
13.020604,-13.329506
-2.4572866,19.075104
30.83144,9.546456
-49.473515,13.654433
-10.7950735,-19.893044
-28.64541,-14.353857
-15.587577,-37.9481
12.007708,-0.8531639
-1.6620959,34.12119
34.791393,-37.14263
-1.5593606,31.670021
-1.1801599,34.983486
12.352439,11.560206
-24.51845,-11.320789
24.40982,10.715325
23.200367,-7.568493
22.266321,24.300714
-12.762936,-28.209698
15.467754,-19.260113
5.2129416,7.7038608
9.766173,10.612045
15.708141,5.109914
-17.409227,-1.7068964
21.059874,-26.198032
-24.318825,1.7345529
-2.5960782,18.579178
-42.615627,9.205081
-13.991302,-34.144894
-48.992363,13.220326
-31.800032,-16.973242
2.6272142,0.95467687
-10.732809,-19.868614
-10.035954,10.337526
-8.927335,9.425639
-5.4267287,5.1062675
-5.029149,5.1185837
-10.8834915,-9.772934
-18.644558,26.943966
-18.641026,26.9052
11.725096,11.303504
-21.09333,34.46297
-13.898806,-3.3219185
29.437965,-9.183872
13.135086,-13.477575999999999
41.92287,-11.466454
-22.640282,-9.932548
-45.06944,-28.585821
33.09293,-10.082508
-14.687725,-36.108086
31.156487,10.118843
-10.2954855,-0.8850543
-22.084278,37.92301
-15.450109,-37.715572
-42.411674,8.479567
43.911568,-11.730732
12.280881,-11.106361
-10.321963,-13.663238
16.255123,-20.57065
-49.45669,13.521388
-43.903694,-27.833977
28.35335,34.50098
-24.339437,-11.323699
11.676326,-3.0670304
4.091767,0.3333332
-14.449194,-35.467636
26.945251,-31.630955
-18.591562,-1.4527339
-22.375801,1.1189281
39.41377,-11.111373
17.08195,-21.828323
-19.869955,30.775911
-32.952583,4.9012656
4.6753426,-0.029603332
-42.275177,-26.844406
-43.80827,-27.748682
-25.111002,2.174765
-25.054306,-11.641925
-7.76884,1.101989
-10.71261,-11.140249
33.693344,-10.239527
21.96132,-6.830451
-13.437364,-31.891912
-18.770538,28.496809
-11.881591,-24.554634
31.387005,-9.725419
-19.487564,-9.237027
-18.684725,-10.157101
7.4753537,8.85089
-1.7523685,30.543652
32.09675,9.843848
35.085804,-37.429226
-22.71727,-10.000417
-11.02792,-9.350614
4.575889,-0.20982192
34.446213,9.201875
17.001642,-21.541971
-23.87098,1.7090728
37.275173,-10.73507
-10.396735,-17.325176
-22.742765,-10.0209055
13.135802,-12.940125
20.857025,21.565292
15.35339,4.6157527
-2.748067,21.841436
21.566761,22.961266
-2.8113742,15.306345
12.989995,-12.232958
-17.806114,24.692673
-25.575949,-12.109799
-19.944489,-0.1624696
-49.079914,13.005773
-12.651004,14.095525
33.982304,-36.666534
11.669969,11.519535
-2.2759824,5.7847533
-18.612593,26.922127
-12.594078,-3.8332222
45.2404,-12.11283
40.38818,-39.376133
-3.4969897,6.9634514
35.196095,-10.502366
-41.670372,-26.584259
11.409437,-1.8862656
-14.998603,-36.95963
20.145172,19.506008
-33.80319,5.16426
-27.04913,2.8821266
-23.768671,1.6895027
-17.62839,-5.827051
-3.5564628,4.1471343
-40.89877,7.783165
6.409766,8.289445
11.264142,11.588425
-36.993874,-22.280888
7.504111,8.825141
16.22339,6.388311
34.150333,9.31624
-16.536713,-4.672639
15.354561,-19.027792
-10.506975,-17.839819
11.404173,-3.6315775
-3.8297768,4.868433
40.623047,-39.42095
23.321302,-7.276279
14.075382,2.172955
-47.280315,12.189026
-18.585808,-6.860404
-42.190994,8.133978
-1.2239696,35.342243
-11.5151,-22.905695
-47.04049,11.774274
18.977325,-24.17981
-40.528957,-25.504082
17.468494,10.31105
-0.576709,4.852323
26.18584,-8.297568
29.348398,-9.182305
-46.486244,11.378687
-43.20089,-27.431831
-3.7768958,8.536102
21.044739,-6.562758
29.676775,37.68489
-35.297455,-20.585136
11.66304,-1.3282659
-28.571798,-14.220673
-35.580082,-20.862572
-1.8393161,29.235918
-1.7294803,33.673355
-3.242243,4.261244
-30.282616,3.769615
-44.144672,9.394541
11.087768,-2.1732156
-19.46754,-0.25580063
-13.474625,-30.999096
-15.930323,-4.179259
-37.353424,6.4546046
21.24403,22.240772
17.907541,12.434991
-10.351207,-14.037572
-1.5614438,3.6197107
-1.7233094,3.8680067
-10.836306,-10.002194
-40.37753,-25.359379
-12.295593,-26.472574
-19.786768,-8.346792
33.6528,-36.293995
38.921654,-38.76338
-2.2356958,20.717253
-31.958801,-17.024488
11.529357,-6.965194
-11.340979,-2.0869768
-32.61925,-17.644596
-43.539833,-27.594002
36.363262,-10.663934
17.326145,-22.127209
22.53253,24.837223
-14.9883995,18.327135
-24.010616,1.7874502
-18.662086,27.249056
-10.790032,-9.970878
2.3426452,6.0746326
9.046297,-1.7839181
16.437313,-5.226924
-1.4655446,3.8187602
1.4622942,5.7123017
45.606396,-12.271373
-13.165965,-4.025069
20.5859,20.78888
-38.834255,-24.020437
4.7375174,-0.3893788
-10.400541,10.966396
-20.782152,33.23468
-13.694963,16.131847
25.068321,10.572966
-47.866978,12.824498
35.966778,-10.593493
15.275256,4.197505
6.026023,8.310213
0.09168508,4.5551295
27.584505,33.29179
18.808771,-23.962578
-39.72632,-24.752987
-39.760994,7.946642
16.598368,6.9674716
-30.47165,3.8936365
-1.695286,34.464836
13.658136,1.6180116
-32.381462,-17.42773
14.602919,-4.381561
-2.6278732,18.304483
-20.75607,33.357063
17.66904,11.4653
22.929655,25.631338
-44.29625,-27.976297
26.87953,32.383774
-11.838357,12.471
-16.477331,21.956547
-15.144612,-37.308933
38.22634,-10.965955
21.129673,22.118412
-34.732773,-19.938879
-29.601805,-15.096792
31.580046,9.797092
-13.16721,-3.646411
5.9178433,-0.7294184
-29.574015,3.4213793
27.864742,33.703537
-24.36621,1.8429495
-43.05797,9.562159
22.458532,10.941508
3.9526372,6.6793838
-28.64157,-14.370103
20.389412,-6.369624
-35.33592,-20.640089
28.44935,-33.27926
37.20388,-10.657092
20.409466,-25.583765
-46.27045,11.140945
13.037426,-13.41857
10.485579,10.890745
34.006462,9.26326
-6.984522,7.3165603
26.211584,-31.151625
-8.147784,8.551048
3.0653818,6.3176603
25.567997,-8.066331
23.336004,10.953052
-21.543781,35.824844
18.218836,12.237712
-20.975351,34.058556
-8.614355,9.0400095
-17.327202,-5.4870276
-16.964937,23.032364
-14.494389,-35.527813
-45.38112,-28.79082
-12.578957,-26.763588
12.357443,-11.765272
4.2859664,7.102402
30.046907,-9.318568
36.009216,-36.9447
-20.701714,33.004456
-24.67971,1.9285641
41.948338,-11.490798
-38.89027,-24.07779
7.466886,9.202216
-35.55147,-20.749683
29.663044,10.0834255
9.848505,10.712863
-29.180925,3.530631
-40.18877,-25.207722
-18.198477,-10.963875
-10.166183,-15.527939
21.618292,-26.770172
29.04068,-33.50671
29.43186,-33.730244
20.80815,11.40239
-27.62685,3.0784357
17.25621,9.345346
36.84389,-10.838214
-2.665569,17.181522
17.001156,8.391453
-20.74122,33.264423
-21.330439,35.098186
-14.883975,-36.62553
-3.9524724,4.9939857
-12.364627,-26.591265
-17.581612,-1.5076902
-16.5783,-4.3178625
12.398593,0.3595349
11.727642,-7.892635
-14.0784,-3.6690524
-18.31917,-10.722851
-24.200073,1.8832734
-13.078098,-28.865376
3.1217556,0.6415805
34.26181,-36.52587
-39.63941,-24.736464
-10.448134,-12.85095
-1.6416913,34.03755
-2.0408607,3.8666084
-27.651262,-13.617622
-28.187538,-14.0106535
11.802498,-6.3548017
-18.623402,26.988377
13.316037,-14.574445
-10.825358,-9.796279
-10.324486,-14.607844
-14.49879,-35.607708
-41.089718,8.323475
-29.261284,-14.8341255
-42.246986,-26.767202
15.256899,4.450713
11.554108,-3.798784
11.552254,-3.7709532
-26.140482,2.4819493
-2.3042188,22.305864
20.930758,21.68642
-48.361454,12.763833
-34.381763,5.305196
24.469097,28.432343
-16.383108,-3.9665978
-0.22377726,4.673502
-21.034086,34.106083
26.04574,-30.999147
-7.867832,8.166291
41.28501,-11.411258
-36.29157,6.0783005
29.21134,-32.81409
11.742809,-8.890178
11.49704,-4.7997513
42.115303,-11.539472
-19.729692,30.071991
10.080705,10.38178
-3.0525804,4.561204
30.143822,9.817056
35.28445,-37.125816
12.8251505,-12.723865
-1.210523,35.547752
45.651775,-12.445969
-44.119892,9.192167
-25.020748,-11.672882
-17.31402,24.085077
34.179962,9.269892
-11.09607,-21.17961
-2.270241,24.310715
-4.3220005,4.7072377
-12.278831,-5.131487
-1.6959028,31.73417
-14.606046,-35.95775
-14.160357,16.819351
-16.464752,-4.287525
-29.772049,3.822877
-25.196497,-11.903165
13.880088,-5.1990867
-26.16578,-12.548187
23.42064,-7.3634663
-12.547955,13.815914
-12.065018,-27.491592
-2.0880287,20.874115
-11.506656,-23.09832
-25.861914,2.4390657
16.312109,6.4241056
-46.437897,11.437983
26.880497,-8.289989
16.57421,7.309514
-14.022405,16.730349
-31.099035,4.150957
-37.517956,-22.810274
4.340029,6.960243
-10.773163,-19.847054
16.969486,-21.607155
-19.07881,-7.2416306
-32.428272,-17.356567
32.26849,-9.877304
-2.1182754,25.440317
43.929535,-11.734345
-29.461784,-15.143517
-11.548322,-6.354276
27.802572,-8.703534
29.296516,10.215522
6.435607,8.557784
-17.08489,23.426287
-14.639448,-2.67008
20.936914,-26.135181
-1.7689341,30.224564
-21.914976,39.073883
17.681438,-5.5692744
-11.664848,-23.35448
17.27265,-22.125948
29.788513,9.965346
-11.58999,-23.263996
-36.36341,-21.6899
-13.14128,15.148221
12.188526,-11.278166
-14.024413,-34.161705
-12.420695,-4.8050523
-22.06058,38.432323
-0.96630853,35.573467
-43.69614,-27.68534
41.395287,-11.383793
29.437475,10.421906
-20.823032,33.685585
-1.53978,33.311253
11.8088045,-8.778325
16.771503,7.6047425
-1.5878893,3.3767266
-44.323837,-28.128456
-14.318452,18.44118
-19.95075,30.17621
40.59104,-39.457443
6.7304893,8.478487
-40.46816,7.4625096
25.33645,29.923426
-17.997921,25.305174
-8.459115,1.0119256
29.805925,37.85137
19.180096,16.73367
33.07258,-35.95865
25.670677,-30.682743
29.536379,10.153179
-10.339819,-13.872236
-2.8946676,14.920847
-10.269374,-14.908456
-19.995935,30.98895
-32.84737,4.6890035
32.065075,-35.361687
20.251787,-6.35853
30.762865,-9.501426
12.345148,-11.918443
-18.739758,27.7078
-49.40214,13.498554
34.921715,-10.392519
-18.655691,-8.779541
11.754775,-3.819414
18.006037,11.537279
-38.771976,-23.99918
-37.60387,6.6383395
28.011492,33.921337
27.076023,-31.797056
28.934483,-32.954754
-49.161068,13.273915
-2.7945461,16.056974
-12.642987,-27.985142
22.34415,24.630127
-21.975056,37.59243
-11.927231,-5.363064
-18.791693,-7.228671
-10.375263,-13.635899
-1.531976,34.558205
-15.918024,-4.471857
6.490581,8.519367
-15.01675,-36.786728
17.673866,11.217689
10.831967,11.003535
-1.5592977,32.196796
-29.168503,-14.783728
-14.357187,17.000912
-42.750156,9.639507
-39.093544,7.191406
32.49318,-9.946662
16.934088,8.277613
-22.014423,37.617714
-3.6002228,9.299218
14.57136,3.0707762
20.477575,20.239193
-13.4889345,-30.238567
-43.726868,9.961682
41.92246,-11.4661045
-32.12133,-17.209122
27.800758,33.556515
22.915752,10.767197
-15.478602,-4.023139
-23.831974,-10.820446
-11.965458,-24.783274
-14.13549,-34.542442
24.962568,10.631891
-14.642068,-35.963364
24.704811,29.116997
-10.769303,-19.902014
-10.396265,-15.736687
-9.101957,-0.1618291
-32.322887,-17.40184
-25.23845,2.2212942
-23.89312,-10.823222
-34.102947,-19.198141
24.759733,28.949429
-13.718925,-31.66163
-22.154964,37.61502
25.376123,10.523394
13.776855,1.8323573
17.235514,-21.981195
-2.1660814,25.093931
25.528286,10.522208
-13.352028,-29.591803
-18.28412,-10.856875
-22.231087,38.123886
27.417799,33.138336
-3.057378,4.2199726
16.965958,8.228474
-28.853506,-14.479968
-19.571426,29.785257
-1.898608,28.874899
29.106201,36.319942
-38.432297,-23.643442
-14.948677,-36.673695
27.175102,-31.879522
21.021173,11.5085535
11.481357,11.343545
4.977758,7.4743013
24.813177,29.054983
-21.659891,0.8713242
-30.082842,-15.474623
33.273354,-10.112483
28.443024,-32.43946
34.284557,9.260056
-35.328506,5.666323
-2.5835574,18.359875
-19.436768,-8.002564
-2.1817272,33.9547
23.266457,-28.41559
12.924316,-13.071021
12.311656,-11.497842
13.142244,-13.185238
-13.781529,-33.38128
19.311033,-24.53813
-1.8174648,33.39522
-19.665155,-0.051381018
14.859031,-4.782265
-17.874079,25.18918
-2.6285107,16.302385
-36.78037,6.243536
28.398474,10.231714
23.006823,25.816933
-25.72472,-12.262466
-1.7744385,30.506672
-40.614056,7.4783764
-1.6259016,3.489851
-11.065034,-9.704654
36.988277,-10.723514
38.305164,-11.006908
-3.6337506999999998,4.3755784
-24.110083,-10.86724
6.9413967,8.607873
-11.917262,12.830247
-39.96911,-24.995626
16.592447,-21.258781
11.484779,-6.258884
16.242645,-20.64197
-36.48563,-21.819817
12.799259,-4.3777676
34.243206,9.245129
-14.789082,-36.482544
29.755482,-9.207643
32.30546,9.997361
12.235017,-5.0322623
28.314474,10.190316
-35.23212,-20.5673
18.942291,-24.04532
23.425734,-7.211597
12.827337,-12.462947
-27.931347,-13.871186
-19.548046,29.88992
21.87655,23.800112
-11.3477125,-22.516441
-27.28319,-13.415112
0.39493728,5.0718575
-24.71686,-11.564362
40.945858,-11.364343999999999
6.548782,8.406005
40.791077,-11.299167
-11.418238,-6.834713
-42.786285,-27.221844
-18.9568,27.272444
-33.669296,-18.720251
46.78101,-12.494049
-16.81364,-5.05128
6.088518,8.262468
11.969395,-4.8388824
2.9206154,6.2935505
27.052826,32.57094
-22.081594,38.555874
-18.378784,-10.652002
-21.469063,-9.295198
-5.3951855,6.423771
-23.264784,1.5635793
-13.566445,-29.736687
-10.37981,-0.99426895
12.948461,-13.379593
-43.580116,9.577998
13.8050375,1.7683673
-1.6059284,33.315292
-24.966969,-11.591609
-14.691648,18.037449
25.724022,-30.855083
-42.4663,-26.92889
-2.3309941,20.136162
6.324913,8.542945
-32.615047,4.6738396
23.338795,-7.2596807
-1.8211275,3.7720814
-20.606493,32.8592
1.7180518,2.042522
29.985472,38.566105
-21.991402,38.555965
-44.261387,9.603474
-39.39031,-24.52488
13.261642,-14.330998
-12.333031,13.633638
-43.78522,8.877157
46.372,-12.433346
-13.151233,-29.21616
20.03949,-25.1887
29.549528,37.499878
-2.264643,23.080574
23.770866,-7.53225
-22.063614,38.575047
-10.685109,-19.369406
-2.1704285,25.850521
19.820232,-24.784084
-17.04745,-5.2503953
-11.932081,-24.911665
20.58355,-6.438235
-28.604294,-14.260865
31.750607,-35.075527
19.93336,-25.056692
-7.823279,8.253434
28.911654,-9.009554
-34.59507,5.384022
10.792951,-3.3625922
-38.41672,-23.61963
-3.1119916,14.08113
-1.9379762,21.138197
13.533515,-5.0726023
31.77983,9.953716
-16.423204,-4.121074
6.5991483,8.549775
22.144604,11.021821
-18.550419,-10.321618
21.942990000000002,24.010235
-47.588253,12.554485
-3.0982604,14.0617075
19.833572,18.567
-6.976762,1.7312665
-14.378288,17.339119
31.489384,-9.715955
15.371112,-19.10389
19.534208,-24.813835
11.958678,-9.802366
13.31379,1.2286086
-12.714197,-4.6196737
17.26605,-22.095163
16.592098,-5.349432
-18.844872,-7.284181
-44.340668,-28.094099
-21.920235,-9.432049
31.475733,-9.693681
33.207397,-36.03749
30.292006,-33.992733
22.787697,-7.0855703
-1.7938979,30.954803
-2.1644146,26.159071
-39.927765,-24.983955
-13.503163,-30.039516
-10.345059,-14.186549
27.411322,-32.034344
-2.4055872,3.618447
-2.8692222,15.115932
29.52018,-32.46303
16.182947,-20.358044
-15.199634,-37.325253
-39.543793,-24.653337
-1.1711233,35.39894
-10.706106,-11.197887
21.687279,-6.738852
26.96042,32.515636
-29.527155,-15.188948
17.33833,9.129011
-21.943151,39.390083
29.617786,37.45269
30.692087,9.80776
-7.0362186,7.4567456
26.058582,-7.057245
12.489866,-2.0704684
22.83637,25.823666
43.781506,-11.794871
-26.062067,2.5468986
16.573662,-21.106474
-14.629191,17.774422
-27.470022,-13.359133
-15.10608,-37.151016
9.262724,10.339826
-9.341677,9.966599
-0.55741304,4.8772683
14.151965,-5.0786204
-10.694807,-19.62184
20.1846,-6.375377
-28.937769,-14.557701
32.509804,-35.557877
0.9786653,5.018258
29.69541,37.767654
12.659123,-11.900295
-6.706579,7.465075
-20.475103,32.027412
-31.595354,4.3203936
25.400442,-8.111099
13.065554,-13.83816
41.364357,-11.496773
-44.954533,-28.52528
14.703147,-17.521622
35.254406,-37.683807
-2.3363268,20.751732
-1.7013174,31.535135
22.64935,25.368275
-13.921267,-34.10165
10.066072,11.647837000000001
16.6916,7.9960594
27.172281,32.736984
32.142704,9.444473
26.320683,10.399673
-16.870024,22.777557
27.808126,-8.727486
17.295504,9.152375
7.2827506,8.812134
-24.476643,1.909082
20.351028,-25.554684
-10.314071,-13.788553
32.581326,-35.587402
22.415306,24.950977
-12.196613,-25.317972
20.394854,-25.532112
42.22661,-11.526975
7.1878343,8.731194
-1.5642254,33.7315
18.156326,11.773425
-19.106133,-0.39656496
-42.264767,8.418378
17.716816,-22.62752
33.839386,-10.190539
24.34949,-7.7712865
23.343391,10.866944
-46.658657,11.517799
27.67344,33.545113
-1.7249018,31.441673
27.173811,-32.04435
-19.013922,28.506659
46.572304,-12.425905
29.266384,36.75243
-1.0002522,35.586662
-10.999707,-2.0621905
-11.553699,-23.228247
-39.23424,-24.365498
25.309347,-8.126341
-9.138217,9.726399
-44.29178,-28.042858
31.29985,9.787548
44.43116,-12.029996
40.584866,-39.445343
-30.844967,4.1915665
13.207372,-13.498156
44.744152,-11.984875
22.205082,-6.8822527
-11.689504,-5.775236
23.327782,-28.432474
18.546417,-23.772516
-34.783646,-19.924646
4.288913,-0.03751234
10.316008,11.793197
-42.380898,9.315242
28.64182,35.222622
28.734615,35.537094
-22.180527,37.745037
16.575615,-5.197067
-27.113104,2.8792453
-2.5098627,21.940876
27.531836,10.30152
-5.227157,6.0419803
-12.671217,-27.647621
-43.734863,9.684201
22.100489,-6.910497
-18.677591,27.049692
-32.09455,-17.22073
-19.487028,29.467876
-31.564777,4.293162
36.215168,-10.833065
-2.311323,23.270847
19.570936,-6.110631
33.46159,-10.13344
-33.660973,-18.77078
-11.269608,-21.942879
36.346237,-10.797502
-35.80794,-21.138744
21.949831,11.271651
27.953945,-32.035206
19.648178,-24.81632
-21.027761,0.61667997
42.75739,-11.658728
25.733963,30.609167
-3.382561,6.7065525
-3.3129125,3.8066006
15.629423,-19.555737
44.247906,-11.96617
13.603808,1.5883615
9.144235,10.472751
-3.5568392,10.548265
-2.5517101,21.228527
-31.885708,4.4686966
4.843799,-0.25483412
16.485777,-5.1576953
9.58164,10.593551
-2.260495,24.684242
-14.125426,-34.364693
34.512863,-10.393078
14.386104,-16.87338
-1.2601886,35.029568
-15.093272,18.604586
20.710054,-6.527457
13.919909,-15.724628
33.705574,-36.45467
-1.7752365,29.80447
-1.2258056,35.183277
